Task name,Tags,Time Estimate,Start date,Due date,Dependencies,Description,Comments,Custom Field [drop_down] [Contractor],Checklist [Μελέτες / Χάρτες / Τεχνικά],Checklist [Γνωμοδοτήσεις / Φορείς]
PVK3705-01_18N1-37p05_ΞΗΡΟΜΕΡΟΥ-ΑΙΤΩΛΟΑΚΑΡΝΑΝΙΑΣ,SSL1_ΑΣΤΑΚΟΣ ΣΟΥΠΙ 1&2,,,,,"**Ταυτότητα**
- ID: 18N1
- Θέση: ΑΣΤΑΚΟΣ ΣΟΥΠΗ 1
- Δήμος: ΞΗΡΟΜΕΡΟΥ | Π.Ε.: ΑΙΤΩΛΟΑΚΑΡΝΑΝΙΑΣ | Περιφέρεια: ΔΥΤΙΚΗΣ ΕΛΛΑΔΑΣ
- Κάτοχος άδειας: MINING-X ENERGY

**Ισχύς & Γη**
- Αρχική ισχύς (MWp): 37.051
- Τρέχουσα ισχύς (MWp): 37.051
- Ισχύς στα ΣΑΗΕ (MW): 48MW
- Τελική έκταση (τ.μ.): 560403.02
- Απόσταση όδευσης καλωδίων (km): 30.9
- Σύνδεση στο δίκτυο: ΥΦΙΣΤ. Υ/Σ ΑΙΤΩΛΙΚΟΥ II
- Αποθήκευση: Εγγυημένη (MWh): 74.102 | Μέγιστη εγκατ. (MWh): 150 | Μέγιστη ωφέλιμη (MWh): 135

**Constraints**
- Natura: NAI
- Ρέματα (#): 0 | Μήκος (km): 0

**Ρυθμιστικά / Άδειες**
- ΑΓ-: Γ-015076 | ΑΜ-ΡΑΕ: ΑΔ-010654
- Εφάπαξ τέλος ΡΑΕ: 79602
- Βεβ. Παραγωγού: ΑΔΑ:659ΒΙΔΞ-ΚΤΒ
- Αδ. Παραγωγής: 005654/2022
- Τροποποίηση Βεβαίωσης Παραγωγού (11A/11B): Ι-361534

**Deadlines / Routing**
- Ημ/νία υποβολής ΡΑΕ: 2023-02-10
- Περιβαλλοντική αδειοδότηση (ΠΠΔ/ΑΕΠΟ): ΑΕΠΟ
- Προθεσμία υποβολής ΑΕΠΟ: 2024-11-14

**Περιβαλλοντικό – Υποβολές**
- Αποστολή ενημερωτικού προς ΡΑΕ για κατάθεση ΜΠΕ: Ι 384401-2024/11/18
- Κατάθεση ΜΠΕ (Αρ. Πρωτ / Ημ. έκδοσης): ΚΑΤΑΘΕΣΗ ΚΟΙΝΗΣ ΜΠΕ στην ΔΙΠΑ ΜΕ ΝΈΟ ΠΕΤ ΠΟΥ ΧΡΕΩΘΗΚΕ ΣΤΟΝ Κ ΜΑΡΩΣΗ ΣΥΜΕΩΝ (ΠΕΤ 241100516/15-11-24",ΑΝΑΜΕΝΕΤΑΙ ΣΥΝΑΝΤΗΣΗ ΣΚΙΑΔΟΠΟΥΛΟΥ ΜΕ Κ ΜΑΡΩΣΗ ΣΤΑ ΓΡΑΦΕΙΑ ΣΤΗΝ ΔΙΠΑ,,"ΧΑΡΤΕΣ ΓΥΣ: ΝΑΙ;ΤΟΠΟΓΡΑΦΗΣΗ ME DRONE;ΜΕΛΕΤΗ ΟΔΟΠΟΙΙΑΣ: ΔΑ;ΘΕΩΡΗΣΗ ΔΙΚΤΥΟΥ;ΚΑΘΟΡΙΣΜΟΣ ΓΡΑΜΜΩΝ ΠΛΥΜΜΗΡΑΣ;ΥΔΡΑΥΛΙΚΗ ΜΕΛΕΤΗ;ΔΙΚΤΥΑ (ΓΟΕΒ.ΤΟΕΒ, ΦΥΣ ΑΕΡΙΟΥ, ΚΑΥΣΙΜΩΝ, ΔΟΥΛΕΙΕΣ)",ΔΑΣΑΡΧΕΙΟ;Δ/ΝΣΗ ΔΑΣΩΝ;ΕΠΙΤΡΟΠΗ ΔΑΣΟΛΟΓΙΟΥ;Δ/ΝΣΗ ΣΥΝΤΟΝΙΣΜΟΥ;Δ/ΝΣΗ ΕΓΓΕΙΩΝ ΒΕΛΤΙΩΣΕΩΝ;ΔΑΟΚ: 287764/39385/26-09-2022;ΕΦΑ: 728692023.02.15(ΜΕ ΟΡΟΥΣ);ΥΠΑ;ΓΕΕΘΑ;ΥΔΟΜ: 64393_05/12/2022;ΕΟΤ;ΠΠΧ: ΑΠΑΙΤΕΙΤΑΙ;ΠΟΛΙΤΙΚΗ ΓΗ: 234589/05/09/2022;ΕΝΜ: ΑΡ. ΠΡΩΤ. 464575/05.10.22;ΕΟΑ: ΑΠΑΙΤΕΙΤΑΙ
PVK1501-01_18N2-15p01_ΞΗΡΟΜΕΡΟΥ-ΑΙΤΩΛΟΑΚΑΡΝΑΝΙΑΣ,SSL1_ΑΣΤΑΚΟΣ ΣΟΥΠΙ 1&2,,,,,"**Ταυτότητα**
- ID: 18N2
- Θέση: ΑΣΤΑΚΟΣ ΣΟΥΠΗ 2
- Δήμος: ΞΗΡΟΜΕΡΟΥ | Π.Ε.: ΑΙΤΩΛΟΑΚΑΡΝΑΝΙΑΣ | Περιφέρεια: ΔΥΤΙΚΗΣ ΕΛΛΑΔΑΣ
- Κάτοχος άδειας: SAISON SOLAIRE 1

**Ισχύς & Γη**
- Αρχική ισχύς (MWp): 15.008
- Τρέχουσα ισχύς (MWp): 15.008
- Ισχύς στα ΣΑΗΕ (MW): 19,2MW
- Τελική έκταση (τ.μ.): 583133.7
- Απόσταση όδευσης καλωδίων (km): 30.9
- Σύνδεση στο δίκτυο: ΥΦΙΣΤ. Υ/Σ ΑΙΤΩΛΙΚΟΥ II
- Αποθήκευση: Εγγυημένη (MWh): 30.016 | Μέγιστη εγκατ. (MWh): 60 | Μέγιστη ωφέλιμη (MWh): 54

**Constraints**
- Natura: NAI
- Ρέματα (#): 0 | Μήκος (km): 0

**Ρυθμιστικά / Άδειες**
- ΑΓ-: Γ-014215 | ΑΜ-ΡΑΕ: ΑΔ-010194
- Εφάπαξ τέλος ΡΑΕ: 35516
- Βεβ. Παραγωγού: ΑΔΑ: 6ΩΟΨΙΔΞ-Ξ3Ξ
- Αδ. Παραγωγής: 005194/2022
- Τροποποίηση Βεβαίωσης Παραγωγού (11A/11B): Ι-361538

**Deadlines / Routing**
- Ημ/νία υποβολής ΡΑΕ: 2022-06-23
- Περιβαλλοντική αδειοδότηση (ΠΠΔ/ΑΕΠΟ): ΑΕΠΟ
- Προθεσμία υποβολής ΑΕΠΟ: 2024-05-16

**Περιβαλλοντικό – Υποβολές**
- Αποστολή ενημερωτικού προς ΡΑΕ για κατάθεση ΜΠΕ: Ι 384398-2024/11/18
- Κατάθεση ΜΠΕ (Αρ. Πρωτ / Ημ. έκδοσης): ΚΑΤΑΘΕΣΗ ΚΟΙΝΗΣ ΜΠΕ στην ΔΙΠΑ ΜΕ ΝΈΟ ΠΕΤ ΠΟΥ ΧΡΕΩΘΗΚΕ ΣΤΟΝ Κ ΜΑΡΩΣΗ ΣΥΜΕΩΝ (ΠΕΤ 241100516/15-11-24
- Τμήμα Περιβάλλοντος: ΔΙΠΕΧΩΣ ΔΥΤ. ΕΛΛΑΔΑΣ",ΑΝΑΜΕΝΕΤΑΙ ΣΥΝΑΝΤΗΣΗ ΣΚΙΑΔΟΠΟΥΛΟΥ ΜΕ Κ ΜΑΡΩΣΗ ΣΤΑ ΓΡΑΦΕΙΑ ΣΤΗΝ ΔΙΠΑ,,"ΧΑΡΤΕΣ ΓΥΣ: ΝΑΙ;ΤΟΠΟΓΡΑΦΗΣΗ ME DRONE;ΜΕΛΕΤΗ ΟΔΟΠΟΙΙΑΣ: ΔΑ;ΘΕΩΡΗΣΗ ΔΙΚΤΥΟΥ;ΚΑΘΟΡΙΣΜΟΣ ΓΡΑΜΜΩΝ ΠΛΥΜΜΗΡΑΣ;ΥΔΡΑΥΛΙΚΗ ΜΕΛΕΤΗ;ΔΙΚΤΥΑ (ΓΟΕΒ.ΤΟΕΒ, ΦΥΣ ΑΕΡΙΟΥ, ΚΑΥΣΙΜΩΝ, ΔΟΥΛΕΙΕΣ)",ΔΑΣΑΡΧΕΙΟ;Δ/ΝΣΗ ΔΑΣΩΝ;ΕΠΙΤΡΟΠΗ ΔΑΣΟΛΟΓΙΟΥ;Δ/ΝΣΗ ΣΥΝΤΟΝΙΣΜΟΥ;Δ/ΝΣΗ ΕΓΓΕΙΩΝ ΒΕΛΤΙΩΣΕΩΝ;ΔΑΟΚ: 287773/39388/26-09-2022;ΕΦΑ: 728692023.02.15(ΜΕ ΟΡΟΥΣ);ΥΠΑ;ΓΕΕΘΑ;ΥΔΟΜ: 64389_05/12/2022;ΕΟΤ;ΠΠΧ: ΑΠΑΙΤΕΙΤΑΙ;ΠΟΛΙΤΙΚΗ ΓΗ: 234589/05/09/2023;ΕΝΜ: ΑΡ. ΠΡΩΤ. 460182/26-09-2022;ΕΟΑ: ΑΠΑΙΤΕΙΤΑΙ
PVK1199-01_14N-11p99_ΦΑΡΣΑΛΩΝ-ΛΑΡΙΣΑΣ,SSL1_CLUSTER 0 - ΛΑΡΙΣΑ,,,,,"**Ταυτότητα**
- ID: 14N
- Cluster: 0
- Θέση: ΘΡΟΝΟΣ 1&2
- Δήμος: ΦΑΡΣΑΛΩΝ | Π.Ε.: ΛΑΡΙΣΑΣ | Περιφέρεια: ΘΕΣΣΑΛΙΑΣ
- Κάτοχος άδειας: SAISON SOLAIRE 1

**Ισχύς & Γη**
- Αρχική ισχύς (MWp): 11.993
- Τρέχουσα ισχύς (MWp): 11.993
- Ισχύς στα ΣΑΗΕ (MW): 16
- Τελική έκταση (τ.μ.): 246867.39
- Σύνδεση στο δίκτυο: ΕΠΕΚΤΑΣΗ ΥΦΙΣΤ. Υ/Σ ΦΑΡΣΑΛΩΝ
- Αποθήκευση: Εγγυημένη (MWh): 23.986 | Μέγιστη εγκατ. (MWh): 50 | Μέγιστη ωφέλιμη (MWh): 45

**Constraints**
- Natura: ΝΑΙ
- Ρέματα (#): 3 | Μήκος (km): 2.2

**Ρυθμιστικά / Άδειες**
- ΑΓ-: Γ-014208 | ΑΜ-ΡΑΕ: ΑΔ-010436
- Εφάπαξ τέλος ΡΑΕ: 29486
- Βεβ. Παραγωγού: ΕΝΔΟΕΠΙΚΑΛΥΨΗ           ΑΔΑ: 9Λ7ΩΙΔΞ-ΚΤΓ
- Αδ. Παραγωγής: 005436/2022
- Τροποποίηση Βεβαίωσης Παραγωγού (11A/11B): Ο-110637

**Deadlines / Routing**
- Ημ/νία υποβολής ΡΑΕ: 2022-06-23
- Περιβαλλοντική αδειοδότηση (ΠΠΔ/ΑΕΠΟ): ΑΕΠΟ
- Προθεσμία υποβολής ΑΕΠΟ: 2024-06-07
- Προθεσμία υποβολής ΟΠΣ: 2025-12-08

**Περιβαλλοντικό – Υποβολές**
- Αποστολή ενημερωτικού προς ΡΑΕ για κατάθεση ΜΠΕ: I-361323 2023/11/02
- Κατάθεση ΜΠΕ (Αρ. Πρωτ / Ημ. έκδοσης): 11-10-2023   ΑΡ.ΠΕΤ: 2310004227    ΧΡ. ΚΑ ΣΑΠΟΥΝΑ
- Τμήμα Περιβάλλοντος: ΑΠΟΚΕΝΤΡΩΜΕΝΗ ΔΙΟΙΚΗΣΗ ΘΕΣΣΑΛΙΑΣ",ΕΧΟΥΝ ΑΠΟΣΤΑΛΛΕΊ ΧΩΡOΘΕΤΗΣΕΙΣ ΚΑΙ Τ.Π. 16/10/2024 ΑΝΑΜΕΝΕΤΑΙ ΦΥΤΟΤ. ΘΑ ΓΙΝΕΙ ΝΕΑ ΚΑΤΑΘΕΣΗ ΓΙΑ ΤΡΟΠΟΠΟΙΗΣΗ ΜΠΕ ΜΕ ΣΑΗΕ ΌΤΑΝ ΒΓΕΙ Η ΑΕΠΟ -ΈΧΟΥΜΕ ΠΑΡΕΙ ΒΕΒΑΙΩΣΗ ΠΑΡΑΓΩΓΟΥ,,"ΧΑΡΤΕΣ ΓΥΣ: ΝΑΙ;ΤΟΠΟΓΡΑΦΗΣΗ ME DRONE: ΟΚ;ΜΕΛΕΤΗ ΟΔΟΠΟΙΙΑΣ: ΔΑ;ΘΕΩΡΗΣΗ ΔΙΚΤΥΟΥ;ΚΑΘΟΡΙΣΜΟΣ ΓΡΑΜΜΩΝ ΠΛΥΜΜΗΡΑΣ: ΟΚ;ΥΔΡΑΥΛΙΚΗ ΜΕΛΕΤΗ: ΟΚ;ΔΙΚΤΥΑ (ΓΟΕΒ.ΤΟΕΒ, ΦΥΣ ΑΕΡΙΟΥ, ΚΑΥΣΙΜΩΝ, ΔΟΥΛΕΙΕΣ)","ΔΑΣΑΡΧΕΙΟ;Δ/ΝΣΗ ΔΑΣΩΝ;ΕΠΙΤΡΟΠΗ ΔΑΣΟΛΟΓΙΟΥ: ΑΔΑ: 90Ρ64653Π8-ΩΣΤ /01-04-2025;Δ/ΝΣΗ ΣΥΝΤΟΝΙΣΜΟΥ;Δ/ΝΣΗ ΕΓΓΕΙΩΝ ΒΕΛΤΙΩΣΕΩΝ;ΔΑΟΚ: 27684_2023/01/23 κα Γερομιχαλού;ΕΦΑ: 464853_19/12/2022 κα Καραπάνου Σοφία;ΥΠΑ: Κ.Γ.Δ3_3550_20/02/2023 (χρέωση κος Ξύδας);ΓΕΕΘΑ: 20408_27/06/2024;ΥΔΟΜ: 491_2/12/2022( κος Ντεούλης ) εντός της ζώνης προστασίας NATURA 2000 (πλην του γηπέδου υπό στοιχεία ΓΕΩΤΕΜΑΧΙΟ Γ);ΕΟΤ: ΘΕΣ3795 κος Σαρούκος;ΠΠΧ: ΑΠΑΙΤΕΙΤΑΙ;ΠΟΛΙΤΙΚΗ ΓΗ: 245353_29/05/2024 τελευταία επικοινωνία 5/06 το έχει χρεωθεί ο κος Τσιτσιούμης,επικοινωνία κ. Δουκλιά  30/10/24  Ζήτησε συμπληρωματικά τα όρια της έκτασης σε dxf 2000/εκδοθηκε η γνωμοδότηση 31/10/2024;ΕΝΜ: ΑΡ. ΠΡΩΤ. 467321/11-11-2022;ΕΟΑ: Ελήφθη γνωμοδότηση ΕΟΑ 299498/04.10.2024 από ΟΦΥΠΕΚΑ (θετική υπό όρους)."
PVK3002-01_22N1-30p02_ΠΑΙΟΝΙΑΣ-ΚΙΛΚΙΣ,SSL2_CLUSTER 3 - ΚΙΛΚΙΣ,,,,,"**Ταυτότητα**
- ID: 22N1
- Cluster: 3
- Θέση: ΕΥΖΩΝΕΙΚΑ 1
- Δήμος: ΠΑΙΟΝΙΑΣ | Π.Ε.: ΚΙΛΚΙΣ | Περιφέρεια: ΚΕΝΤΡΙΚΗΣ ΜΑΚΕΔΟΝΙΑΣ
- Κάτοχος άδειας: SAISON SOLAIRE 2

**Ισχύς & Γη**
- Αρχική ισχύς (MWp): 30.016
- Τρέχουσα ισχύς (MWp): 30.016
- Ισχύς στα ΣΑΗΕ (MW): 38.4
- Τελική έκταση (τ.μ.): 455432.57
- Απόσταση όδευσης καλωδίων (km): 6.428
- Σύνδεση στο δίκτυο: ΚΥΤ ΠΟΝΤΟΗΡΑΚΛΕΙΑΣ
- Αποθήκευση: Εγγυημένη (MWh): 60.032 | Μέγιστη εγκατ. (MWh): 120 | Μέγιστη ωφέλιμη (MWh): 108

**Constraints**
- Natura: NAI
- Ρέματα (#): 2 | Μήκος (km): 0.953

**Ρυθμιστικά / Άδειες**
- ΑΓ-: Γ-014226 | ΑΜ-ΡΑΕ: ΑΔ-010195
- Εφάπαξ τέλος ΡΑΕ: 65532
- Βεβ. Παραγωγού: ΑΔΑ: ΨΘΞ5ΙΔΞ-4ΩΨ                  ΒΕΒ ΥΠ'ΑΡΙΘΜΟΝ: 005195/2022
- Τροποποίηση Βεβαίωσης Παραγωγού (11A/11B): O-110927

**Deadlines / Routing**
- Ημ/νία υποβολής ΡΑΕ: 2022-06-23
- Περιβαλλοντική αδειοδότηση (ΠΠΔ/ΑΕΠΟ): ΑΕΠΟ
- Προθεσμία υποβολής ΑΕΠΟ: 2023-11-16
- ΑΔΜΗΕ/ΔΕΔΔΗΕ ΟΠΣ: ΑΠ 4039- 10/12/ 2024 ΑΙΤΗΜΑ ΣΕ ΑΔΜΗΕ

**Περιβαλλοντικό – Υποβολές**
- Αποστολή ενημερωτικού προς ΡΑΕ για κατάθεση ΜΠΕ: Ι-350364                   12-05-2023
- Κατάθεση ΜΠΕ (Αρ. Πρωτ / Ημ. έκδοσης): ΠΕΤ 2305949428          11-05-2023                                    111283_9/08/2023,                       χρ. Κα Βασιλειάδου ,                                     76435_5/07/2024 ΑΕΠΟ                           κατάθεση νέας ΜΠΕ με ΣΑΗΕ στις 8/11/24 με το ίδιο ΠΕΤ και είναι σε έλεγχο πληρότητας από Μαρώση (ΑΡ. ΠΡΩΤ.Διαβιβαστικού 136921/19463-11.12.2024) - ΚΑΤΑΘΕΣΗ ΣΥΜΠΛΗΡΩΜΑΤΙΚΩΝ ΣΤΟΝ ΜΑΡΩΣΗ ΜΕ ΦΥΣΙΚΗ ΠΑΡΟΥΣΙΑ ΣΤΙΣ 10-03-2025, ΣΥΝΑΝΤΗΣΗ ΔΙΑ ΖΩΣΗΣ ΜΕ ΤΟΝΜΑΡΩΣΗ ΑΠΟ ΣΤΑΘΗ ΚΑΡΑΓΚΟΥΝΗ ΚΑΙ ΓΙΩΡΓΟ ΓΙΑΝΝΑΤΟ ΣΤΙΣ 02/05/2025 - ΕΠΑΝΑΚΑΤΑΘΕΣΗ  ΣΤΙΣ 07/05/2025 ΜΕ ΤΟ ΙΔΙΟ ΠΕΤ 2305949428
- Τμήμα Περιβάλλοντος: ΔΙΠΑ",ΚΑΤΑΘΕΣΗ ΣΥΜΠΛΗΡΩΜΑΤΙΚΩΝ ΣΤΟΝ ΜΑΡΩΣΗ ΜΕ ΦΥΣΙΚΗ ΠΑΡΟΥΣΙΑ ΣΤΙΣ 10-03-2025   ΣΥΝΑΝΤΗΣΗ ΔΙΑ ΖΩΣΗΣ ΜΕ ΤΟΝ ΜΑΡΩΣΗ ΑΠΟ ΣΤΑΘΗ ΚΑΡΑΓΚΟΥΝΗ ΚΑΙ ΓΙΩΡΓΟ ΓΙΑΝΝΑΤΟ ΣΤΙΣ 02/05/2025 - ΕΠΑΝΑΚΑΤΑΘΕΣΗ  ΣΤΙΣ 07/05/2025 ΜΕ ΤΟ ΙΔΙΟ ΠΕΤ 2305949428 / ΕΠΑΝΑΚΑΤΑΘΕΣΗ ΩΣ ΜΠΕ Α1 ΑΠΟ ΤΗΝ ΑΡΧΗ ΣΤΙΣ 26/06/2025 (ΠΕΤ 2305949428)-ΣΕ ΔΗΜΟΣΙΑ ΔΙΑΒΟΥΛΕΥΣΗ ΚΑΙ ΓΝΩΜΟΔΟΤΗΣΕΙΣ ΑΠΌ 23-07-2025,,"ΧΑΡΤΕΣ ΓΥΣ: ΝΑΙ;ΤΟΠΟΓΡΑΦΗΣΗ ME DRONE: ΟΚ;ΜΕΛΕΤΗ ΟΔΟΠΟΙΙΑΣ: ΔΑ;ΘΕΩΡΗΣΗ ΔΙΚΤΥΟΥ;ΚΑΘΟΡΙΣΜΟΣ ΓΡΑΜΜΩΝ ΠΛΥΜΜΗΡΑΣ: ΟΚ;ΥΔΡΑΥΛΙΚΗ ΜΕΛΕΤΗ: ΟΚ;ΔΙΚΤΥΑ (ΓΟΕΒ.ΤΟΕΒ, ΦΥΣ ΑΕΡΙΟΥ, ΚΑΥΣΙΜΩΝ, ΔΟΥΛΕΙΕΣ)","ΔΑΣΑΡΧΕΙΟ;Δ/ΝΣΗ ΔΑΣΩΝ;ΕΠΙΤΡΟΠΗ ΔΑΣΟΛΟΓΙΟΥ: Aρ. Πρωτ :180-29.12.2022 (κα Ψιώτα)  αρ. απόφασης 10/2023, ειδικότερος χαρακτηρισμός δάσος και δασική έκταση;Δ/ΝΣΗ ΣΥΝΤΟΝΙΣΜΟΥ;Δ/ΝΣΗ ΕΓΓΕΙΩΝ ΒΕΛΤΙΩΣΕΩΝ;ΔΑΟΚ: 805872/28296_14/02/2023 ( κος Ιορδανίδης) ΕΠΙΚΟΙΝΩΝΙΑ ΑΠΛΗ ΓΕΒΡΓΙΚΗ ΓΗ  (ΔΙΟΡΘΩΣΗ ΕΠΩΝΥΜΙΑΣ ΣΤΗ ΓΝΩΜΟΔΟΤΗΣΗ ΑΠΌ ΥΠΗΡΕΣΙΑ);ΕΦΑ: 471066_17/02/2023;ΥΠΑ: 28390_17/11/2022  (ΞΥΔΑΣ) Δ3/Δ 15320_18_07_2023;ΓΕΕΘΑ: 3247_16/11/2022              (Κ. ΚΑΙΜΑΞΗΣ);ΥΔΟΜ: 20106_3/01/2023 κος Γλαβέλης;ΕΟΤ: ΚΜ/8332/14-11-2022 (ΚΑ ΤΣΕΛΕΠΙΔΟΥ)                         8332_21/02/2023 επιστροφή φακέλου, η υπηρεσία θα γνωμοδοτήσει επι της ΜΠΕ, στο στάδιο της διαβούλευσης;ΠΠΧ: ΔΑ;ΠΟΛΙΤΙΚΗ ΓΗ: 456732/17100_10/10/2023 ΧΡ. Κα ΙΩΑΝΝΙΔΟΥ πρόκειται για επικοιστικές εκτάσεις, και παραχωρημένες από το δημόσιο σε ιδιώτες;ΕΝΜ: 474327_20/10/2022;ΕΟΑ: 760_11/01/2024"
PVK3002-02_22N2-30p02_ΠΑΙΟΝΙΑΣ-ΚΙΛΚΙΣ,SSL2_CLUSTER 3 - ΚΙΛΚΙΣ,,,,,"**Ταυτότητα**
- ID: 22N2
- Cluster: 3
- Θέση: ΕΥΖΩΝΕΙΚΑ 2
- Δήμος: ΠΑΙΟΝΙΑΣ | Π.Ε.: ΚΙΛΚΙΣ | Περιφέρεια: ΚΕΝΤΡΙΚΗΣ ΜΑΚΕΔΟΝΙΑΣ
- Κάτοχος άδειας: SAISON SOLAIRE 2

**Ισχύς & Γη**
- Αρχική ισχύς (MWp): 30.016
- Τρέχουσα ισχύς (MWp): 30.016
- Ισχύς στα ΣΑΗΕ (MW): 38.4
- Τελική έκταση (τ.μ.): 810460.43
- Απόσταση όδευσης καλωδίων (km): 6.428
- Σύνδεση στο δίκτυο: ΚΥΤ ΠΟΝΤΟΗΡΑΚΛΕΙΑΣ
- Αποθήκευση: Εγγυημένη (MWh): 60.032 | Μέγιστη εγκατ. (MWh): 120 | Μέγιστη ωφέλιμη (MWh): 108

**Constraints**
- Natura: NAI
- Ρέματα (#): 2 | Μήκος (km): 1.4

**Ρυθμιστικά / Άδειες**
- ΑΓ-: Γ-014235 | ΑΜ-ΡΑΕ: ΑΔ-010196
- Εφάπαξ τέλος ΡΑΕ: 65532
- Βεβ. Παραγωγού: ΑΔΑ: 9ΞΞΜΙΔΞ-ΧΝΨ      ΒΕΒ ΥΠΆΡΙΘΜΟΝ: 005196/2022
- Τροποποίηση Βεβαίωσης Παραγωγού (11A/11B): O-110954

**Deadlines / Routing**
- Ημ/νία υποβολής ΡΑΕ: 2022-06-23
- Προθεσμία υποβολής ΑΕΠΟ: 2023-11-16
- ΑΔΜΗΕ/ΔΕΔΔΗΕ ΟΠΣ: ΑΠ 4840- 10/12/ 2024 ΑΙΤΗΜΑ ΣΕ ΑΔΜΗΕ

**Περιβαλλοντικό – Υποβολές**
- (κενό)",ΚΑΤΑΘΕΣΗ ΣΥΜΠΛΗΡΩΜΑΤΙΚΩΝ ΣΤΟΝ ΜΑΡΩΣΗ ΜΕ ΦΥΣΙΚΗ ΠΑΡΟΥΣΙΑ ΣΤΙΣ 10-03-2025   ΣΥΝΑΝΤΗΣΗ ΔΙΑ ΖΩΣΗΣ ΜΕ ΤΟΝ ΜΑΡΩΣΗ ΑΠΟ ΣΤΑΘΗ ΚΑΡΑΓΚΟΥΝΗ ΚΑΙ ΓΙΩΡΓΟ ΓΙΑΝΝΑΤΟ ΣΤΙΣ 02/05/2025 - ΕΠΑΝΑΚΑΤΑΘΕΣΗ  ΣΤΙΣ 07/05/2025 ΜΕ ΤΟ ΙΔΙΟ ΠΕΤ 2305949428 / ΕΠΑΝΑΚΑΤΑΘΕΣΗ ΩΣ ΜΠΕ Α1 ΑΠΟ ΤΗΝ ΑΡΧΗ ΣΤΙΣ 26/06/2025 (ΠΕΤ 2305949428)-ΣΕ ΔΗΜΟΣΙΑ ΔΙΑΒΟΥΛΕΥΣΗ ΚΑΙ ΓΝΩΜΟΔΟΤΗΣΕΙΣ ΑΠΌ 23-07-2025,,"ΧΑΡΤΕΣ ΓΥΣ: ΝΑΙ;ΤΟΠΟΓΡΑΦΗΣΗ ME DRONE: ΟΚ;ΜΕΛΕΤΗ ΟΔΟΠΟΙΙΑΣ: ΔΑ;ΘΕΩΡΗΣΗ ΔΙΚΤΥΟΥ;ΚΑΘΟΡΙΣΜΟΣ ΓΡΑΜΜΩΝ ΠΛΥΜΜΗΡΑΣ;ΥΔΡΑΥΛΙΚΗ ΜΕΛΕΤΗ;ΔΙΚΤΥΑ (ΓΟΕΒ.ΤΟΕΒ, ΦΥΣ ΑΕΡΙΟΥ, ΚΑΥΣΙΜΩΝ, ΔΟΥΛΕΙΕΣ)","ΔΑΣΑΡΧΕΙΟ;Δ/ΝΣΗ ΔΑΣΩΝ;ΕΠΙΤΡΟΠΗ ΔΑΣΟΛΟΓΙΟΥ: Aρ. Πρωτ.: 3/2023             ΑΔΑ: Ρ4ΓΤ4653Π8-0Σ2;Δ/ΝΣΗ ΣΥΝΤΟΝΙΣΜΟΥ;Δ/ΝΣΗ ΕΓΓΕΙΩΝ ΒΕΛΤΙΩΣΕΩΝ;ΔΑΟΚ: 805846/28288_14/02/2023  ( κος Ιορδανίδης)  ΑΠΛΗ ΓΕΒΡΓΙΚΗ ΓΗ (ΔΙΟΡΘΩΣΗ ΕΠΩΝΥΜΙΑΣ ΣΤΗ ΓΝΩΜΟΔΟΤΗΣΗ ΑΠΌ ΥΠΗΡΕΣΙΑ);ΕΦΑ: 471199_17/02/2023  κα Παρχαρίδου;ΥΠΑ: Κ.Γ.Δ3_3541_20/02/2023;ΓΕΕΘΑ: 3248_16/11/2022                                       (Κ. ΚΑΙΜΑΞΗΣ);ΥΔΟΜ: 20107_3/01/2023  κος Γλαβέλης;ΕΟΤ: ΚΜ/8331/14-11-2022 ΚΑ ΤΣΕΛΕΠΙΔΟΥ                             8331_21/02/2023 επιστροφή φακέλου, η υπηρεσία θα γνωμοδοτήσει επι της ΜΠΕ, στο στάδιο της διαβούλευσης;ΠΠΧ: ΑΠΑΙΤΕΙΤΑΙ;ΠΟΛΙΤΙΚΗ ΓΗ: 456732/17100_10/10/2023 χρ.κα ΙΩΑΝΝΙΔΟΥ  πρόκειται για επικοιστικές εκτάσεις παραχωρημένες από το δημόσιο σε ιδιώτες;ΕΝΜ: 474283_20/10/2022;ΕΟΑ"
PVK1050-01_22N3-10p50_ΠΑΙΟΝΙΑΣ-ΚΙΛΚΙΣ,SSL2_CLUSTER 3 - ΚΙΛΚΙΣ,,,,,"**Ταυτότητα**
- ID: 22N3
- Cluster: 3
- Θέση: ΠΛΑΤΑΝΕΪΚΑ 1
- Δήμος: ΠΑΙΟΝΙΑΣ | Π.Ε.: ΚΙΛΚΙΣ | Περιφέρεια: ΚΕΝΤΡΙΚΗΣ ΜΑΚΕΔΟΝΙΑΣ
- Κάτοχος άδειας: SAISON SOLAIRE 2

**Ισχύς & Γη**
- Αρχική ισχύς (MWp): 10.5
- Τρέχουσα ισχύς (MWp): 10.5
- Ισχύς στα ΣΑΗΕ (MW): 12.8
- Τελική έκταση (τ.μ.): 239210.49
- Απόσταση όδευσης καλωδίων (km): 4.148
- Σύνδεση στο δίκτυο: ΚΥΤ ΠΟΝΤΟΗΡΑΚΛΕΙΑΣ
- Αποθήκευση: Εγγυημένη (MWh): 21 | Μέγιστη εγκατ. (MWh): 40 | Μέγιστη ωφέλιμη (MWh): 36

**Constraints**
- Natura: NAI
- Ρέματα (#): 1 | Μήκος (km): 0.8

**Ρυθμιστικά / Άδειες**
- ΑΓ-: Γ-014240 | ΑΜ-ΡΑΕ: ΑΔ-010197
- Εφάπαξ τέλος ΡΑΕ: 26500
- Βεβ. Παραγωγού: ΑΔΑ: 9ΟΖΘΙΔΞ-7ΒΧ                ΒΕΒ ΥΠ'ΑΡΙΘΜΟΝ: 005197/2022
- Τροποποίηση Βεβαίωσης Παραγωγού (11A/11B): O-110962

**Deadlines / Routing**
- Ημ/νία υποβολής ΡΑΕ: 2022-06-23
- Προθεσμία υποβολής ΑΕΠΟ: 2023-11-16
- ΑΔΜΗΕ/ΔΕΔΔΗΕ ΟΠΣ: ΑΠ 4841- 10/12/ 2024 ΑΙΤΗΜΑ ΣΕ ΑΔΜΗΕ

**Περιβαλλοντικό – Υποβολές**
- (κενό)",ΚΑΤΑΘΕΣΗ ΣΥΜΠΛΗΡΩΜΑΤΙΚΩΝ ΣΤΟΝ ΜΑΡΩΣΗ ΜΕ ΦΥΣΙΚΗ ΠΑΡΟΥΣΙΑ ΣΤΙΣ 10-03-2025   ΣΥΝΑΝΤΗΣΗ ΔΙΑ ΖΩΣΗΣ ΜΕ ΤΟΝ ΜΑΡΩΣΗ ΑΠΟ ΣΤΑΘΗ ΚΑΡΑΓΚΟΥΝΗ ΚΑΙ ΓΙΩΡΓΟ ΓΙΑΝΝΑΤΟ ΣΤΙΣ 02/05/2025 -ΕΠΑΝΑΚΑΤΑΘΕΣΗ  ΣΤΙΣ 07/05/2025 ΜΕ ΤΟ ΙΔΙΟ ΠΕΤ 2305949428   / ΕΠΑΝΑΚΑΤΑΘΕΣΗ ΩΣ ΜΠΕ Α1 ΑΠΟ ΤΗΝ ΑΡΧΗ ΣΤΙΣ 26/06/2025 (ΠΕΤ 2305949428)-ΣΕ ΔΗΜΟΣΙΑ ΔΙΑΒΟΥΛΕΥΣΗ ΚΑΙ ΓΝΩΜΟΔΟΤΗΣΕΙΣ ΑΠΌ 23-07-2025,,"ΧΑΡΤΕΣ ΓΥΣ: ΝΑΙ;ΤΟΠΟΓΡΑΦΗΣΗ ME DRONE: ΟΚ;ΜΕΛΕΤΗ ΟΔΟΠΟΙΙΑΣ: ΔΑ;ΘΕΩΡΗΣΗ ΔΙΚΤΥΟΥ;ΚΑΘΟΡΙΣΜΟΣ ΓΡΑΜΜΩΝ ΠΛΥΜΜΗΡΑΣ;ΥΔΡΑΥΛΙΚΗ ΜΕΛΕΤΗ;ΔΙΚΤΥΑ (ΓΟΕΒ.ΤΟΕΒ, ΦΥΣ ΑΕΡΙΟΥ, ΚΑΥΣΙΜΩΝ, ΔΟΥΛΕΙΕΣ)","ΔΑΣΑΡΧΕΙΟ;Δ/ΝΣΗ ΔΑΣΩΝ;ΕΠΙΤΡΟΠΗ ΔΑΣΟΛΟΓΙΟΥ: Aρ. Πρωτ :177-29.12.2022(κα Ψιώτα) 340888_4/07/2023;Δ/ΝΣΗ ΣΥΝΤΟΝΙΣΜΟΥ;Δ/ΝΣΗ ΕΓΓΕΙΩΝ ΒΕΛΤΙΩΣΕΩΝ;ΔΑΟΚ: 805849/28289_14/02/2023 ( κος Ιορδανίδης) ΑΠΛΗ ΓΕΩΡΓΙΚΗ ΓΗ (ΔΙΟΡΘΩΣΗ ΕΠΩΝΥΜΙΑΣ ΣΤΗ ΓΝΩΜΟΔΟΤΗΣΗ ΑΠΌ ΥΠΗΡΕΣΙΑ);ΕΦΑ: 471178_17/02/2023 κα Παρχαρίδου;ΥΠΑ: 28394_17/11/2022 χρέωση κος Ξύδας                         Δ3/Δ 15314_18/07/2023;ΓΕΕΘΑ: 3249_16/11/2022                                            (Κ. ΚΑΙΜΑΞΗΣ);ΥΔΟΜ: 20099_3/01/2023  κος Γλαβέλης;ΕΟΤ: ΚΜ/8338/14-11-2022 ΚΑ ΤΣΕΛΕΠΙΔΟΥ ΤΣΕΛΕΠΙΔΟΥ                               8338_21/02/2023 επιστροφή φακέλου, η υπηρεσία θα γνωμοδοτήσει επι της ΜΠΕ, στο στάδιο της διαβούλευσης;ΠΠΧ: ΔΑ;ΠΟΛΙΤΙΚΗ ΓΗ: 456732/17100_10/10/2023 ΚΑ ΙΩΑΝΝΙΔΟΥ, πρόκειται για επικοιστικές εκτάσειςπαραχωρημένες από το δημόσιο σε ιδιώτες;ΕΝΜ: 474364_20/10/2022 ΘΕΤΙΚΗ ΓΝΩΜΟΔΟΤΗΣΗ;ΕΟΑ"
PVK3002-03_22N4-30p02_ΠΑΙΟΝΙΑΣ-ΚΙΛΚΙΣ,SSL2_CLUSTER 3 - ΚΙΛΚΙΣ,,,,,"**Ταυτότητα**
- ID: 22N4
- Cluster: 3
- Θέση: ΠΛΑΤΑΝΕΪΚΑ 2
- Δήμος: ΠΑΙΟΝΙΑΣ | Π.Ε.: ΚΙΛΚΙΣ | Περιφέρεια: ΚΕΝΤΡΙΚΗΣ ΜΑΚΕΔΟΝΙΑΣ
- Κάτοχος άδειας: SAISON SOLAIRE 2

**Ισχύς & Γη**
- Αρχική ισχύς (MWp): 30.016
- Τρέχουσα ισχύς (MWp): 30.016
- Ισχύς στα ΣΑΗΕ (MW): 38.4
- Τελική έκταση (τ.μ.): 422985.36
- Απόσταση όδευσης καλωδίων (km): 5.45
- Σύνδεση στο δίκτυο: ΚΥΤ ΠΟΝΤΟΗΡΑΚΛΕΙΑΣ
- Αποθήκευση: Εγγυημένη (MWh): 60.032 | Μέγιστη εγκατ. (MWh): 120 | Μέγιστη ωφέλιμη (MWh): 108

**Constraints**
- Natura: NAI
- Ρέματα (#): 4 | Μήκος (km): 3.13

**Ρυθμιστικά / Άδειες**
- ΑΓ-: Γ-014241 | ΑΜ-ΡΑΕ: ΑΔ-010439
- Εφάπαξ τέλος ΡΑΕ: 65532
- Βεβ. Παραγωγού: ΑΔΑ: Ρ4ΘΤΙΔΞ-ΗΔΕΒΕΒ-005439/2022
- Τροποποίηση Βεβαίωσης Παραγωγού (11A/11B): Ι-367605

**Deadlines / Routing**
- Ημ/νία υποβολής ΡΑΕ: 2022-06-23
- Προθεσμία υποβολής ΑΕΠΟ: 2023-12-07

**Περιβαλλοντικό – Υποβολές**
- (κενό)","ΥΠΟΒΑΛΛΟΥΜΕ ΜΠΕ ΜΕ ΚΥΤ ΜΕΤΑΞΑ ΠΟΥ ΕΊΝΑΙ ΑΚΑΤΑΛΛΗΛΟ ΚΑΙ ΠΡΕΠΕΙ ΝΑ ΓΙΝΕΙ ΤΡΟΠΟΠΟΙΗΣΗ, ΕΧΟΥΝ ΑΠΟΣΤΑΛΛΕΊ ΧΩΡΩΘΕΤΗΣΕΙΣ ΚΑΙ Τ.Π. ΑΝΑΜΕΝΕΤΑΙ ΦΥΤΟΤ.",,"ΧΑΡΤΕΣ ΓΥΣ: ΝΑΙ;ΤΟΠΟΓΡΑΦΗΣΗ ME DRONE: ΟΚ;ΜΕΛΕΤΗ ΟΔΟΠΟΙΙΑΣ: ΔΑ;ΘΕΩΡΗΣΗ ΔΙΚΤΥΟΥ;ΚΑΘΟΡΙΣΜΟΣ ΓΡΑΜΜΩΝ ΠΛΥΜΜΗΡΑΣ;ΥΔΡΑΥΛΙΚΗ ΜΕΛΕΤΗ;ΔΙΚΤΥΑ (ΓΟΕΒ.ΤΟΕΒ, ΦΥΣ ΑΕΡΙΟΥ, ΚΑΥΣΙΜΩΝ, ΔΟΥΛΕΙΕΣ)","ΔΑΣΑΡΧΕΙΟ;Δ/ΝΣΗ ΔΑΣΩΝ;ΕΠΙΤΡΟΠΗ ΔΑΣΟΛΟΓΙΟΥ: Aρ. Πρωτ : 179 - 29.12.2022(κα Ψιώτα)   340888_4/07/2023;Δ/ΝΣΗ ΣΥΝΤΟΝΙΣΜΟΥ;Δ/ΝΣΗ ΕΓΓΕΙΩΝ ΒΕΛΤΙΩΣΕΩΝ;ΔΑΟΚ: 805855_28292/14/02/2023 (Κος ΙΟΡΔΑΝΙΔΗΣ) ΓΗ ΥΨΗΛΗΣ ΠΑΡΑΓΩΓΙΚΟΤΗΤΑΣ_ΕΞΑΙΡΕΣΗ ΕΡΓΟΥ ΑΠΌ ΤΗ ΜΠΕ;ΕΦΑ: 471157_17/02/2023 κα Παρχαρίδου;ΥΠΑ: 28397_17/11/2022 χρέωση κος Ξύδας                          Δ/ΔΕ 15315_18/07/2023;ΓΕΕΘΑ: 3250_16/11/2022,;ΥΔΟΜ: 20121_3/01/2023   κος Γλαβέλης;ΕΟΤ: ΚΜ/8337/14-11-2022 ΚΑ ΤΣΕΛΕΠΙΔΟΥ                                 8337_21/02/2023 επιστροφή φακέλου, η υπηρεσία θα γνωμοδοτήσει επι της ΜΠΕ, στο στάδιο της διαβούλευσης;ΠΠΧ: ΔΑ;ΠΟΛΙΤΙΚΗ ΓΗ: 456732/17100_10/10/2023 ΚΑ ΙΩΑΝΝΙΔΟΥ, πρόκειται για επικοιστικές εκτάσειςπαραχωρημένες από το δημόσιο σε ιδιώτες;ΕΝΜ: 474402_20/10.2022;ΕΟΑ"
PVK3003-01_22N5-30p03_ΠΑΙΟΝΙΑΣ-ΚΙΛΚΙΣ,SSL2_CLUSTER 3 - ΚΙΛΚΙΣ,,,,,"**Ταυτότητα**
- ID: 22N5
- Cluster: 3
- Θέση: ΠΛΑΤΑΝΕΪΚΑ 3
- Δήμος: ΠΑΙΟΝΙΑΣ | Π.Ε.: ΚΙΛΚΙΣ | Περιφέρεια: ΚΕΝΤΡΙΚΗΣ ΜΑΚΕΔΟΝΙΑΣ
- Κάτοχος άδειας: SAISON SOLAIRE 2

**Ισχύς & Γη**
- Αρχική ισχύς (MWp): 30.033
- Τρέχουσα ισχύς (MWp): 30.033
- Ισχύς στα ΣΑΗΕ (MW): 38.4
- Τελική έκταση (τ.μ.): 550452.39
- Απόσταση όδευσης καλωδίων (km): 5.168
- Σύνδεση στο δίκτυο: ΚΥΤ ΠΟΝΤΟΗΡΑΚΛΕΙΑΣ
- Αποθήκευση: Εγγυημένη (MWh): 60.066 | Μέγιστη εγκατ. (MWh): 120 | Μέγιστη ωφέλιμη (MWh): 108

**Constraints**
- Natura: NAI
- Ρέματα (#): 5 | Μήκος (km): 4

**Ρυθμιστικά / Άδειες**
- ΑΓ-: Γ-014242 | ΑΜ-ΡΑΕ: ΑΔ-010205
- Εφάπαξ τέλος ΡΑΕ: 65566
- Βεβ. Παραγωγού: ΑΔΑ: 69ΧΜΙΔΞ-Τ6Ζ       ΒΕΒ ΥΠΆΡΙΘΜΟΝ:            005205/2022                                 I-355181_31/07/2023 αίτημα τροποπίησης βεβ.παραγωγού (μείωση πολυγώνου)
- Τροποποίηση Βεβαίωσης Παραγωγού (11A/11B): Ι-367607

**Deadlines / Routing**
- Ημ/νία υποβολής ΡΑΕ: 2022-06-23
- Προθεσμία υποβολής ΑΕΠΟ: 2023-11-16

**Περιβαλλοντικό – Υποβολές**
- (κενό)","ΥΠΟΒΑΛΛΟΥΜΕ ΜΠΕ ΜΕ ΚΥΤ ΜΕΤΑΞΑ ΠΟΥ ΕΊΝΑΙ ΑΚΑΤΑΛΛΗΛΟ ΚΑΙ ΠΡΕΠΕΙ ΝΑ ΓΙΝΕΙ ΤΡΟΠΟΠΟΙΗΣΗ, ΕΧΟΥΝ ΑΠΟΣΤΑΛΛΕΊ ΧΩΡΩΘΕΤΗΣΕΙΣ ΚΑΙ Τ.Π. ΑΝΑΜΕΝΕΤΑΙ ΦΥΤΟΤ.",,"ΧΑΡΤΕΣ ΓΥΣ: ΝΑΙ;ΤΟΠΟΓΡΑΦΗΣΗ ME DRONE: ΟΚ;ΜΕΛΕΤΗ ΟΔΟΠΟΙΙΑΣ: ΔΑ;ΘΕΩΡΗΣΗ ΔΙΚΤΥΟΥ;ΚΑΘΟΡΙΣΜΟΣ ΓΡΑΜΜΩΝ ΠΛΥΜΜΗΡΑΣ;ΥΔΡΑΥΛΙΚΗ ΜΕΛΕΤΗ;ΔΙΚΤΥΑ (ΓΟΕΒ.ΤΟΕΒ, ΦΥΣ ΑΕΡΙΟΥ, ΚΑΥΣΙΜΩΝ, ΔΟΥΛΕΙΕΣ)","ΔΑΣΑΡΧΕΙΟ;Δ/ΝΣΗ ΔΑΣΩΝ;ΕΠΙΤΡΟΠΗ ΔΑΣΟΛΟΓΙΟΥ: Aρ. Πρωτ : 175- 29.12.2022(κα Ψιώτα)  340888_4/07/2023;Δ/ΝΣΗ ΣΥΝΤΟΝΙΣΜΟΥ;Δ/ΝΣΗ ΕΓΓΕΙΩΝ ΒΕΛΤΙΩΣΕΩΝ;ΔΑΟΚ: 805858/28293_14/02/2023  ( κος Ιορδανίδης) γη υψηλής παραγωγικότητας μευψηλό αρδευτικό δυναμικό. ΝΕΑ ΑΙΤΗΣΗ 507004/19020 _21-07-2023 (κ. Ιωαννίδης)                                       Εξαίρεση έργου από τη ΜΠΕ;ΕΦΑ: 471124_17/02/2023 κα Παρχαρίδου;ΥΠΑ: 28399_17/11/2022 χρέωση κος Ξύδας επικοινωνία Δ3/Δ 15316_18/07/2023;ΓΕΕΘΑ: 3251_16/11/2022                                             (Κ. ΚΑΙΜΑΞΗΣ);ΥΔΟΜ: 20134_3/01/2023  κος Γλαβέλης;ΕΟΤ: ΚΜ/8336/14-11-2022  ΚΑ ΤΣΕΛΕΠΙΔΟΥ                              8336_21/02/2023 επιστροφή φακέλου, η υπηρεσία θα γνωμοδοτήσει επι της ΜΠΕ, στο στάδιο της διαβούλευσης;ΠΠΧ: ΔΑ;ΠΟΛΙΤΙΚΗ ΓΗ: 456732/17100_10/10/2023 ΚΑ ΙΩΑΝΝΙΔΟΥ,πρόκειται για επικοιστικές εκτάσεις παραχωρημένες από το δημόσιο σε ιδιώτες;ΕΝΜ: 474434/03-10-2022;ΕΟΑ"
PVK1983-01_22N6-19p83_ΠΑΙΟΝΙΑΣ-ΚΙΛΚΙΣ,SSL2_CLUSTER 3 - ΚΙΛΚΙΣ,,,,,"**Ταυτότητα**
- ID: 22N6
- Cluster: 3
- Θέση: ΠΛΑΤΑΝΕΪΚΑ 4
- Δήμος: ΠΑΙΟΝΙΑΣ | Π.Ε.: ΚΙΛΚΙΣ | Περιφέρεια: ΚΕΝΤΡΙΚΗΣ ΜΑΚΕΔΟΝΙΑΣ
- Κάτοχος άδειας: SAISON SOLAIRE 2

**Ισχύς & Γη**
- Αρχική ισχύς (MWp): 19.832
- Τρέχουσα ισχύς (MWp): 19.832
- Ισχύς στα ΣΑΗΕ (MW): 25.6
- Τελική έκταση (τ.μ.): 607721.98
- Απόσταση όδευσης καλωδίων (km): 3.829
- Σύνδεση στο δίκτυο: ΚΥΤ ΠΟΝΤΟΗΡΑΚΛΕΙΑΣ
- Αποθήκευση: Εγγυημένη (MWh): 39.664 | Μέγιστη εγκατ. (MWh): 80 | Μέγιστη ωφέλιμη (MWh): 72

**Constraints**
- Natura: NAI
- Ρέματα (#): 2 | Μήκος (km): 1.6

**Ρυθμιστικά / Άδειες**
- ΑΓ-: Γ-014246 | ΑΜ-ΡΑΕ: ΑΔ-010199
- Εφάπαξ τέλος ΡΑΕ: 45164
- Βεβ. Παραγωγού: ΑΔΑ: ΨΛΔΞΙΔΞ-ΣΦΦ     ΒΕΒ ΥΠΆΡΙΘΜΟΝ: 005199/2022
- Τροποποίηση Βεβαίωσης Παραγωγού (11A/11B): O-110924

**Deadlines / Routing**
- Ημ/νία υποβολής ΡΑΕ: 2022-06-23
- Προθεσμία υποβολής ΑΕΠΟ: 2023-11-16
- ΑΔΜΗΕ/ΔΕΔΔΗΕ ΟΠΣ: ΑΠ 4842- 10/12/ 2024 ΑΙΤΗΜΑ ΣΕ ΑΔΜΗΕ

**Περιβαλλοντικό – Υποβολές**
- (κενό)",ΚΑΤΑΘΕΣΗ ΣΥΜΠΛΗΡΩΜΑΤΙΚΩΝ ΣΤΟΝ ΜΑΡΩΣΗ ΜΕ ΦΥΣΙΚΗ ΠΑΡΟΥΣΙΑ ΣΤΙΣ 10-03-2025   ΣΥΝΑΝΤΗΣΗ ΔΙΑ ΖΩΣΗΣ ΜΕ ΤΟΝ ΜΑΡΩΣΗ ΑΠΟ ΣΤΑΘΗ ΚΑΡΑΓΚΟΥΝΗ ΚΑΙ ΓΙΩΡΓΟ ΓΙΑΝΝΑΤΟ ΣΤΙΣ 02/05/2025- ΕΠΑΝΑΚΑΤΑΘΕΣΗ  ΣΤΙΣ 07/05/2025 ΜΕ ΤΟ ΙΔΙΟ ΠΕΤ 2305949428 / ΕΠΑΝΑΚΑΤΑΘΕΣΗ ΩΣ ΜΠΕ Α1 ΑΠΟ ΤΗΝ ΑΡΧΗ ΣΤΙΣ 26/06/205 (ΠΕΤ 2305949428)-ΣΕ ΔΗΜΟΣΙΑ ΔΙΑΒΟΥΛΕΥΣΗ ΚΑΙ ΓΝΩΜΟΔΟΤΗΣΕΙΣ ΑΠΌ 23-07-2025,,"ΧΑΡΤΕΣ ΓΥΣ: ΝΑΙ;ΤΟΠΟΓΡΑΦΗΣΗ ME DRONE: ΟΚ;ΜΕΛΕΤΗ ΟΔΟΠΟΙΙΑΣ: ΔΑ;ΘΕΩΡΗΣΗ ΔΙΚΤΥΟΥ;ΚΑΘΟΡΙΣΜΟΣ ΓΡΑΜΜΩΝ ΠΛΥΜΜΗΡΑΣ;ΥΔΡΑΥΛΙΚΗ ΜΕΛΕΤΗ;ΔΙΚΤΥΑ (ΓΟΕΒ.ΤΟΕΒ, ΦΥΣ ΑΕΡΙΟΥ, ΚΑΥΣΙΜΩΝ, ΔΟΥΛΕΙΕΣ)","ΔΑΣΑΡΧΕΙΟ;Δ/ΝΣΗ ΔΑΣΩΝ;ΕΠΙΤΡΟΠΗ ΔΑΣΟΛΟΓΙΟΥ: επικοινωνία 4/07/2023 κα Ψιώτα, αρ. απόφασης: 9/2023, ειδικότερος χαρακτηρισμός: ΔΑΣΙΚΗ;Δ/ΝΣΗ ΣΥΝΤΟΝΙΣΜΟΥ;Δ/ΝΣΗ ΕΓΓΕΙΩΝ ΒΕΛΤΙΩΣΕΩΝ;ΔΑΟΚ: 805851/28290_14/02/2023 ( κος Ιορδανίδης) ΑΠΛΗ ΓΕΩΡΓΙΚΗ ΓΗ (ΔΙΟΡΘΩΣΗ ΕΠΩΝΥΜΙΑΣ ΣΤΗ ΓΝΩΜΟΔΟΤΗΣΗ ΑΠΌ ΥΠΗΡΕΣΙΑ);ΕΦΑ: 470984_1/02/2023  κα Παρχαρίδου;ΥΠΑ: 28401_17/11/2022  χρέωση κος Ξύδας                                Δ3/Δ 15311_18-07-2023;ΓΕΕΘΑ: 3252_16/11/2022                                              (Κ. ΚΑΙΜΑΞΗΣ);ΥΔΟΜ: 20102_3/01/2023  κος Γλαβέλης;ΕΟΤ: ΚΜ/8333/14-11-2022  ΚΑ ΤΣΕΛΕΠΙΔΟΥ                                8333_21/02/2023 επιστροφή φακέλου, η υπηρεσία θα γνωμοδοτήσει επι της ΜΠΕ, στο στάδιο της διαβούλευσης;ΠΠΧ: ΔΑ;ΠΟΛΙΤΙΚΗ ΓΗ: 456732/17100_10/10/2023  ΚΑ ΙΩΑΝΝΙΔΟΥ, πρόκειται για επικοιστικές εκτάσεις παραχωρημένες από το δημόσιο σε ιδιώτες;ΕΝΜ: 474089_20/10/2022;ΕΟΑ"
PVK2673-01_22N7-26p73_ΠΑΙΟΝΙΑΣ-ΚΙΛΚΙΣ,SSL2_CLUSTER 3 - ΚΙΛΚΙΣ,,,,,"**Ταυτότητα**
- ID: 22N7
- Cluster: 3
- Θέση: ΠΟΝΤΟΗΡΑΚΛΕΙΑ 1
- Δήμος: ΠΑΙΟΝΙΑΣ | Π.Ε.: ΚΙΛΚΙΣ | Περιφέρεια: ΚΕΝΤΡΙΚΗΣ ΜΑΚΕΔΟΝΙΑΣ
- Κάτοχος άδειας: SAISON SOLAIRE 2

**Ισχύς & Γη**
- Αρχική ισχύς (MWp): 26.733
- Τρέχουσα ισχύς (MWp): 26.733
- Ισχύς στα ΣΑΗΕ (MW): 32
- Τελική έκταση (τ.μ.): 377101.48
- Απόσταση όδευσης καλωδίων (km): 2.891
- Σύνδεση στο δίκτυο: ΚΥΤ ΠΟΝΤΟΗΡΑΚΛΕΙΑΣ
- Αποθήκευση: Εγγυημένη (MWh): 53.466 | Μέγιστη εγκατ. (MWh): 100 | Μέγιστη ωφέλιμη (MWh): 90

**Constraints**
- Natura: NAI
- Ρέματα (#): 3 | Μήκος (km): 4

**Ρυθμιστικά / Άδειες**
- ΑΓ-: Γ-014247 | ΑΜ-ΡΑΕ: ΑΔ-010200
- Εφάπαξ τέλος ΡΑΕ: 58966
- Βεβ. Παραγωγού: ΑΔΑ: ΩΔΡΨΙΔΞ-ΣΟΣ       ΒΕΒ ΥΠ'ΑΡΙΘΜΟΝ:            005200/2022
- Τροποποίηση Βεβαίωσης Παραγωγού (11A/11B): O-110958

**Deadlines / Routing**
- Ημ/νία υποβολής ΡΑΕ: 2022-06-23
- Προθεσμία υποβολής ΑΕΠΟ: 2023-11-16
- ΑΔΜΗΕ/ΔΕΔΔΗΕ ΟΠΣ: ΑΠ 4843- 10/12/ 2024 ΑΙΤΗΜΑ ΣΕ ΑΔΜΗΕ

**Περιβαλλοντικό – Υποβολές**
- (κενό)",ΚΑΤΑΘΕΣΗ ΣΥΜΠΛΗΡΩΜΑΤΙΚΩΝ ΣΤΟΝ ΜΑΡΩΣΗ ΜΕ ΦΥΣΙΚΗ ΠΑΡΟΥΣΙΑ ΣΤΙΣ 10-03-2025   ΣΥΝΑΝΤΗΣΗ ΔΙΑ ΖΩΣΗΣ ΜΕ ΤΟΝ ΜΑΡΩΣΗ ΑΠΟ ΣΤΑΘΗ ΚΑΡΑΓΚΟΥΝΗ ΚΑΙ ΓΙΩΡΓΟ ΓΙΑΝΝΑΤΟ ΣΤΙΣ 02/05/2025 -ΕΠΑΝΑΚΑΤΑΘΕΣΗ  ΣΤΙΣ 07/05/2025 ΜΕ ΤΟ ΙΔΙΟ ΠΕΤ 2305949428  / ΕΠΑΝΑΚΑΤΑΘΕΣΗ ΩΣ ΜΠΕ Α1 ΑΠΟ ΤΗΝ ΑΡΧΗ ΣΤΙΣ 26/06/2025 (ΠΕΤ 2305949428) -ΣΕ ΔΗΜΟΣΙΑ ΔΙΑΒΟΥΛΕΥΣΗ ΚΑΙ ΓΝΩΜΟΔΟΤΗΣΕΙΣ ΑΠΌ 23-07-2025,,"ΧΑΡΤΕΣ ΓΥΣ: ΝΑΙ;ΤΟΠΟΓΡΑΦΗΣΗ ME DRONE: ΟΚ;ΜΕΛΕΤΗ ΟΔΟΠΟΙΙΑΣ: ΔΑ;ΘΕΩΡΗΣΗ ΔΙΚΤΥΟΥ;ΚΑΘΟΡΙΣΜΟΣ ΓΡΑΜΜΩΝ ΠΛΥΜΜΗΡΑΣ;ΥΔΡΑΥΛΙΚΗ ΜΕΛΕΤΗ;ΔΙΚΤΥΑ (ΓΟΕΒ.ΤΟΕΒ, ΦΥΣ ΑΕΡΙΟΥ, ΚΑΥΣΙΜΩΝ, ΔΟΥΛΕΙΕΣ)","ΔΑΣΑΡΧΕΙΟ;Δ/ΝΣΗ ΔΑΣΩΝ;ΕΠΙΤΡΟΠΗ ΔΑΣΟΛΟΓΙΟΥ: Aρ. Πρωτ : 174 - 29.12.2022(κα Ψιώτα)  αρ.αποφασης 8/2023 ειδικότερος χαρακτηρισμός : ΔΑΣΟΣ;Δ/ΝΣΗ ΣΥΝΤΟΝΙΣΜΟΥ;Δ/ΝΣΗ ΕΓΓΕΙΩΝ ΒΕΛΤΙΩΣΕΩΝ;ΔΑΟΚ: 805866/28295_14/02/2023  ( κος Ιορδανίδης) ΑΠΛΗ ΓΕΩΡΓΙΚΗ ΓΗ;ΕΦΑ: 471094_6/03/2023 κα Παρχαρίδου;ΥΠΑ: 28392_16/11/2022   (χρέωση κος Ξύδας)                              Δ3/Δ 15318_18/07/2023;ΓΕΕΘΑ: 3245_16/11/2022                                         (Κ. ΚΑΙΜΑΞΗΣ);ΥΔΟΜ: 20130_3/01/2023  κος Γλαβέλης;ΕΟΤ: ΚΜ/8334/14-11-2022  ΚΑ ΤΣΕΛΕΠΙΔΟΥ                           8334_21/02/2023 επιστροφή φακέλου, η υπηρεσία θα γνωμοδοτήσει επι της ΜΠΕ, στο στάδιο της διαβούλευσης;ΠΠΧ: ΔΑ;ΠΟΛΙΤΙΚΗ ΓΗ: 456732/17100_10/10/2023  ΚΑ ΙΩΑΝΝΙΔΟΥ, πρόκειται για επικοιστικές εκτάσεις παραχωρημένες από το δημόσιο σε ιδιώτες;ΕΝΜ: 474234_20/10/2022;ΕΟΑ"
PVK1762-01_22N8-17p62_ΠΑΙΟΝΙΑΣ-ΚΙΛΚΙΣ,SSL2_CLUSTER 3 - ΚΙΛΚΙΣ,,,,,"**Ταυτότητα**
- ID: 22N8
- Cluster: 3
- Θέση: ΠΟΝΤΟΗΡΑΚΛΕΙΑ 2
- Δήμος: ΠΑΙΟΝΙΑΣ | Π.Ε.: ΚΙΛΚΙΣ | Περιφέρεια: ΚΕΝΤΡΙΚΗΣ ΜΑΚΕΔΟΝΙΑΣ
- Κάτοχος άδειας: SAISON SOLAIRE 2

**Ισχύς & Γη**
- Αρχική ισχύς (MWp): 17.621
- Τρέχουσα ισχύς (MWp): 17.621
- Ισχύς στα ΣΑΗΕ (MW): 22.4
- Τελική έκταση (τ.μ.): 308519.56
- Απόσταση όδευσης καλωδίων (km): 3.218
- Σύνδεση στο δίκτυο: ΚΥΤ ΠΟΝΤΟΗΡΑΚΛΕΙΑΣ
- Αποθήκευση: Εγγυημένη (MWh): 35.242 | Μέγιστη εγκατ. (MWh): 70 | Μέγιστη ωφέλιμη (MWh): 63

**Constraints**
- Natura: NAI
- Ρέματα (#): 2 | Μήκος (km): 2.89

**Ρυθμιστικά / Άδειες**
- ΑΓ-: Γ-014248 | ΑΜ-ΡΑΕ: ΑΔ-010201
- Εφάπαξ τέλος ΡΑΕ: 40742
- Βεβ. Παραγωγού: ΑΔΑ 9ΚΕ6ΙΔΞ-ΑΤΦ                      ΕΒΒ ΥΠΆΡΙΘΜΟΝ: 005201/2022
- Τροποποίηση Βεβαίωσης Παραγωγού (11A/11B): O-110957

**Deadlines / Routing**
- Ημ/νία υποβολής ΡΑΕ: 2022-06-23
- Προθεσμία υποβολής ΑΕΠΟ: 2023-11-16
- ΑΔΜΗΕ/ΔΕΔΔΗΕ ΟΠΣ: ΑΠ 4844- 10/12/ 2024 ΑΙΤΗΜΑ ΣΕ ΑΔΜΗΕ

**Περιβαλλοντικό – Υποβολές**
- (κενό)",ΚΑΤΑΘΕΣΗ ΣΥΜΠΛΗΡΩΜΑΤΙΚΩΝ ΣΤΟΝ ΜΑΡΩΣΗ ΜΕ ΦΥΣΙΚΗ ΠΑΡΟΥΣΙΑ ΣΤΙΣ 10-03-2025   ΣΥΝΑΝΤΗΣΗ ΔΙΑ ΖΩΣΗΣ ΜΕ ΤΟΝ ΜΑΡΩΣΗ ΑΠΟ ΣΤΑΘΗ ΚΑΡΑΓΚΟΥΝΗ ΚΑΙ ΓΙΩΡΓΟ ΓΙΑΝΝΑΤΟ ΣΤΙΣ 02/05/2025- ΕΠΑΝΑΚΑΤΑΘΕΣΗ  ΣΤΙΣ 07/05/2025 ΜΕ ΤΟ ΙΔΙΟ ΠΕΤ 2305949428  / ΕΠΑΝΑΚΑΤΑΘΕΣΗ ΩΣ ΜΠΕ Α1 ΑΠΟ ΤΗΝ ΑΡΧΗ ΣΤΙΣ 26/06/205 (ΠΕΤ 2305949428) -ΣΕ ΔΗΜΟΣΙΑ ΔΙΑΒΟΥΛΕΥΣΗ ΚΑΙ ΓΝΩΜΟΔΟΤΗΣΕΙΣ ΑΠΌ 23-07-2025,,"ΧΑΡΤΕΣ ΓΥΣ: ΝΑΙ;ΤΟΠΟΓΡΑΦΗΣΗ ME DRONE: ΟΚ;ΜΕΛΕΤΗ ΟΔΟΠΟΙΙΑΣ: ΔΑ;ΘΕΩΡΗΣΗ ΔΙΚΤΥΟΥ;ΚΑΘΟΡΙΣΜΟΣ ΓΡΑΜΜΩΝ ΠΛΥΜΜΗΡΑΣ;ΥΔΡΑΥΛΙΚΗ ΜΕΛΕΤΗ;ΔΙΚΤΥΑ (ΓΟΕΒ.ΤΟΕΒ, ΦΥΣ ΑΕΡΙΟΥ, ΚΑΥΣΙΜΩΝ, ΔΟΥΛΕΙΕΣ)","ΔΑΣΑΡΧΕΙΟ;Δ/ΝΣΗ ΔΑΣΩΝ;ΕΠΙΤΡΟΠΗ ΔΑΣΟΛΟΓΙΟΥ: Aρ. Πρωτ : 176- 29.12.2022(κα Ψιώτα)  340888_4/07/2023;Δ/ΝΣΗ ΣΥΝΤΟΝΙΣΜΟΥ;Δ/ΝΣΗ ΕΓΓΕΙΩΝ ΒΕΛΤΙΩΣΕΩΝ;ΔΑΟΚ: 805865/28294_14/02/2023    ( κος Ιορδανίδης)  ΑΠΛΗ ΓΕΩΡΓΙΚΗ ΓΗ  (ΔΙΟΡΘΩΣΗ ΕΠΩΝΥΜΙΑΣ ΣΤΗ ΓΝΩΜΟΔΟΤΗΣΗ ΑΠΌ ΥΠΗΡΕΣΙΑ);ΕΦΑ: 471033_22/02/2023 κα Παρχαρίδου;ΥΠΑ: Κ.Γ.Δ3_3540_20-02-2023 (χρέωση κος Ξύδας);ΓΕΕΘΑ: 3246_16/11/2022                                         (Κ. ΚΑΙΜΑΞΗΣ);ΥΔΟΜ: 20110_3/01/2023 κος Γλαβέλης;ΕΟΤ: ΚΜ/8335/14-11-2022  ΚΑ ΤΣΕΛΕΠΙΔΟΥ                              8335_21/02/2023 επιστροφή φακέλου, η υπηρεσία θα γνωμοδοτήσει επι της ΜΠΕ, στο στάδιο της διαβούλευσης;ΠΠΧ: ΔΑ;ΠΟΛΙΤΙΚΗ ΓΗ: 456732/17100_10/10/2023 ΚΑ ΙΩΑΝΝΙΔΟΥ, πρόκειται για επικοιστικές εκτάσεις  παραχωρημένες από το δημόσιο σε ιδιώτες;ΕΝΜ: 474116_20/10/2022;ΕΟΑ"
PVK1052-01_15N-10p52_ΡΗΓΑ-ΦΕΡΑΙΟΥ-ΜΑΓΝΗΣΙΑΣ,SSL1_CLUSTER 1 - ΜΑΓΝΗΣΙΑ,,,,,"**Ταυτότητα**
- ID: 15N
- Cluster: 1
- Θέση: ΠΕΡΙΒΛΕΠΤΟ
- Δήμος: ΡΗΓΑ ΦΕΡΑΙΟΥ | Π.Ε.: ΜΑΓΝΗΣΙΑΣ | Περιφέρεια: ΘΕΣΣΑΛΙΑΣ
- Κάτοχος άδειας: SAISON SOLAIRE 1

**Ισχύς & Γη**
- Αρχική ισχύς (MWp): 10.519
- Τρέχουσα ισχύς (MWp): 10.519
- Ισχύς στα ΣΑΗΕ (MW): 12,8 MW
- Τελική έκταση (τ.μ.): 354815.05
- Απόσταση όδευσης καλωδίων (km): 8.149
- Σύνδεση στο δίκτυο: ΕΠΕΚΤΑΣΗ ΥΦΙΣΤ Υ/Σ ΠΕΡΙΒΛΕΠΤΟ
- Αποθήκευση: Εγγυημένη (MWh): 21.038 | Μέγιστη εγκατ. (MWh): 40 | Μέγιστη ωφέλιμη (MWh): 36

**Constraints**
- Natura: ΟΧΙ
- Ρέματα (#): 2 | Μήκος (km): 2.7

**Ρυθμιστικά / Άδειες**
- ΑΓ-: Γ-014210 | ΑΜ-ΡΑΕ: ΑΔ-010454
- Εφάπαξ τέλος ΡΑΕ: 26538
- Βεβ. Παραγωγού: ΑΔΑ: ΨΟΟΡΙΔΞ-Β74 ΕΝΔΟΕΠΙΚΑΛΥΨΗ ΑΛΛΑ ΧΩΡΙΣ ΑΛΛΑΓΗ ΠΟΛΥΓΩΝΟΥ
- Αδ. Παραγωγής: 005454/2022
- Τροποποίηση Βεβαίωσης Παραγωγού (11A/11B): O-108706

**Deadlines / Routing**
- Ημ/νία υποβολής ΡΑΕ: 2022-06-23
- Περιβαλλοντική αδειοδότηση (ΠΠΔ/ΑΕΠΟ): ΑΕΠΟ ΜΑΖΙ ΜΕ ΠΕΡΙΒΛΕΠΤΟ 2
- Προθεσμία υποβολής ΟΠΣ: 2025-12-08

**Περιβαλλοντικό – Υποβολές**
- Αποστολή ενημερωτικού προς ΡΑΕ για κατάθεση ΜΠΕ: Ι 346336-2023/02/21
- Κατάθεση ΜΠΕ (Αρ. Πρωτ / Ημ. έκδοσης): 07/07/2025 ΠΕΤ 2507002620                          (κα ΤΡΑΙΚΟΥ)  Κατηγορία 11Α","ΕΞΑΙΡΕΣΗ ΤΕΜ. Β&Γ (ΓΓΥΠ), ΕΧΟΥΝ ΑΠΟΣΤΑΛΛΕΊ ΧΩΡΩΘΕΤΗΣΕΙΣ ΚΑΙ Τ.Π. 16/10/2024     ΑΝΑΜΕΝΕΤΑΙ ΦΥΤΟΤ. ΑΠΟΣΥΡΘΗΚΕ Η ΜΠΕ ΣΤΙΣ 16/01/2024 - ΕΠΑΝΑΚΑΤΑΘΕΣΗ ΜΕ ΣΑΗΕ ΣΤΙΣ 07/07/2025, ΠΕΤ: 2507002620, ΧΡΕΩΣΗ: ΑΘΗΝΑ ΤΡΑΪΚΟΥ, ΤΕΛΕΥΤΑΙΑ ΚΑΤΑΘΕΣΗ ΣΥΜΠΛΗΡΩΜΑΤΙΚΩΝ ΣΤΙΣ  19/12/2025, ΜΠΗΚΕ ΣΕ ΓΝΩΜΟΔΟΤΗΣΕΙΣ/ΔΙΑΒΟΥΛΕΥΣΗ ΜΕ ΤΟ ΕΓΓΡΑΦΟ 63079/24/12/2025",,"ΧΑΡΤΕΣ ΓΥΣ: ΝΑΙ;ΤΟΠΟΓΡΑΦΗΣΗ ME DRONE: ΟΚ;ΜΕΛΕΤΗ ΟΔΟΠΟΙΙΑΣ: ΔΑ;ΘΕΩΡΗΣΗ ΔΙΚΤΥΟΥ;ΚΑΘΟΡΙΣΜΟΣ ΓΡΑΜΜΩΝ ΠΛΥΜΜΗΡΑΣ: ΟΚ;ΥΔΡΑΥΛΙΚΗ ΜΕΛΕΤΗ: ΟΚ;ΔΙΚΤΥΑ (ΓΟΕΒ.ΤΟΕΒ, ΦΥΣ ΑΕΡΙΟΥ, ΚΑΥΣΙΜΩΝ, ΔΟΥΛΕΙΕΣ): 5423 - 07/06/2023 ΤΕΧΝΙΚΟ ΤΜΗΜΑ Δ. Ρ. ΦΕΡΑΙΟΥ","ΔΑΣΑΡΧΕΙΟ;Δ/ΝΣΗ ΔΑΣΩΝ;ΕΠΙΤΡΟΠΗ ΔΑΣΟΛΟΓΙΟΥ: ΑΔΑ: 94ΤΨ4653Π8-98Ε;Δ/ΝΣΗ ΣΥΝΤΟΝΙΣΜΟΥ;Δ/ΝΣΗ ΕΓΓΕΙΩΝ ΒΕΛΤΙΩΣΕΩΝ;ΔΑΟΚ: 441787/14-11-2022     471480_2/12/2022 ΓΥΠ!! ΑΙΤΗΣΗ ΑΠΟΧΑΡΑΚΤΗΡΙΣΜΟΥ Α.Π. 288957_13/07/2023 ΑΠΑΙΤΕΙΤΑΙ ΑΙΤΗΣΗ ΘΕΡΑΠΕΙΑΣ;ΕΦΑ: 473022-19/10/2022 κος Ανετάκης;ΥΠΑ: 28331_16/11/2022    (ΞΥΔΑΣ)   Δ3/Δ 15317_18/07/2023;ΓΕΕΘΑ: 3231_13/11/2023;ΥΔΟΜ: 91652_30/11/2022   χρ. Κα Κοσμίδου         48626_5/03/2024;ΕΟΤ: ΘΕΣ-3797_19/12/2022 θετική γνωμοδότηση υπό όρους, κος Σαρούκος;ΠΠΧ: ΑΠΑΙΤΕΙΤΑΙ;ΠΟΛΙΤΙΚΗ ΓΗ: κος Τρικιώνης 454320_15/11/2023 εμπίπτουν σε επικοιστικές εκτάσεις;ΕΝΜ: ΑΡ. ΠΡΩΤ. 471111/30.09.22;ΕΟΑ: ΔΑ"
PVK2901-01_3N-29p01_ΡΗΓΑ-ΦΕΡΑΙΟΥ-ΜΑΓΝΗΣΙΑΣ,SSL1_CLUSTER 1 - ΜΑΓΝΗΣΙΑ,,,,,"**Ταυτότητα**
- ID: 3N
- Cluster: 1
- Θέση: ΠΕΡΙΒΛΕΠΤΟ 2
- Δήμος: ΡΗΓΑ ΦΕΡΑΙΟΥ | Π.Ε.: ΜΑΓΝΗΣΙΑΣ | Περιφέρεια: ΘΕΣΣΑΛΙΑΣ
- Κάτοχος άδειας: SAISON SOLAIRE 1

**Ισχύς & Γη**
- Αρχική ισχύς (MWp): 29.011
- Τρέχουσα ισχύς (MWp): 29.011
- Ισχύς στα ΣΑΗΕ (MW): 35,2MW
- Τελική έκταση (τ.μ.): 921246.01
- Απόσταση όδευσης καλωδίων (km): 8.832
- Σύνδεση στο δίκτυο: ΕΠΕΚΤΑΣΗ ΥΦΙΣΤ Υ/Σ ΠΕΡΙΒΛΕΠΤΟ
- Αποθήκευση: Εγγυημένη (MWh): 58.022 | Μέγιστη εγκατ. (MWh): 110 | Μέγιστη ωφέλιμη (MWh): 99

**Constraints**
- Natura: ΟΧΙ
- Ρέματα (#): 11 | Μήκος (km): 5.2

**Ρυθμιστικά / Άδειες**
- ΑΓ-: Γ-014209 | ΑΜ-ΡΑΕ: ΑΔ-010437
- Εφάπαξ τέλος ΡΑΕ: 63522
- Βεβ. Παραγωγού: ΕΝΔΟΕΠΙΚΑΛΥΨΗ ΜΕ ΠΕΡΙΒΛΕΠΤΟ 1 ΚΑΙ ΕΠΙΚΑΛΥΨΗ ΜΕ ΤΕΡΝΑ      ΑΔΑ: 98Φ8ΙΔΞ-ΓΦΒ
- Αδ. Παραγωγής: 005437/2022
- Τροποποίηση Βεβαίωσης Παραγωγού (11A/11B): O-107068

**Deadlines / Routing**
- Ημ/νία υποβολής ΡΑΕ: 2022-06-23
- Περιβαλλοντική αδειοδότηση (ΠΠΔ/ΑΕΠΟ): ΑΕΠΟ ΜΑΖΙ ΜΕ ΠΕΡΙΒΛΈΠΤΟ
- Προθεσμία υποβολής ΟΠΣ: 2025-12-08

**Περιβαλλοντικό – Υποβολές**
- Αποστολή ενημερωτικού προς ΡΑΕ για κατάθεση ΜΠΕ: Ι 346336-2023/02/21
- Κατάθεση ΜΠΕ (Αρ. Πρωτ / Ημ. έκδοσης): 07/07/2025 ΠΕΤ 2507002620                          (κα ΤΡΑΙΚΟΥ)  Κατηγορία 11Α","ΕΦΑ:ΘΕΤΙΚΗ ΓΝΩΜΟΔΟΤΗΣΗ ΜΕ ΕΞΑΙΡΕΣΗ 78 στρ. ΔΕΝ ΧΡΕΙΑΖΕΤΑΙ ΤΡΟΠΟΟΠΟΙΗΣΗ ΟΡΙΩΝ - Η ΠΕΡΙΟΧΗ ΑΡΧΑΙΟΛ. ΕΝΔΙΑΦΕΡΟΝΤΟΣ ΔΕΝ ΕΧΕΙ ΧΩΡΟΘΕΤΗΘΕΙ, ΕΧΟΥΝ ΑΠΟΣΤΑΛΛΕΊ ΧΩΡΩΘΕΤΗΣΕΙΣ ΚΑΙ Τ.Π. 16/10/2024 ΑΝΑΜΕΝΕΤΑΙ ΦΥΤΟΤ.ΑΠΟΣΥΡΘΗΚΕ Η ΜΠΕ ΣΤΙΣ 16/01/2024 - ΕΠΑΝΑΚΑΤΑΘΕΣΗ ΜΕ ΣΑΕΗ ΣΤΙΣ 07/07/2025, ΠΕΤ: 2507002620, ΧΡΕΩΣΗ: ΑΘΗΝΑ ΤΡΑΪΚΟΥ, ΤΕΛΕΥΤΑΙΑ ΚΑΤΑΘΕΣΗ ΣΥΜΠΛΗΡΩΜΑΤΙΚΩΝ ΣΤΙΣ  19/12/2025, ΜΠΗΚΕ ΣΕ ΓΝΩΜΟΔΟΤΗΣΕΙΣ/ΔΙΑΒΟΥΛΕΥΣΗ ΜΕ ΤΟ ΕΓΓΡΑΦΟ 63079/24/12/2025",,"ΧΑΡΤΕΣ ΓΥΣ: ΝΑΙ;ΤΟΠΟΓΡΑΦΗΣΗ ME DRONE: ΟΚ;ΜΕΛΕΤΗ ΟΔΟΠΟΙΙΑΣ: ΔΑ;ΘΕΩΡΗΣΗ ΔΙΚΤΥΟΥ;ΚΑΘΟΡΙΣΜΟΣ ΓΡΑΜΜΩΝ ΠΛΥΜΜΗΡΑΣ: ΟΚ;ΥΔΡΑΥΛΙΚΗ ΜΕΛΕΤΗ: ΟΚ;ΔΙΚΤΥΑ (ΓΟΕΒ.ΤΟΕΒ, ΦΥΣ ΑΕΡΙΟΥ, ΚΑΥΣΙΜΩΝ, ΔΟΥΛΕΙΕΣ)",ΔΑΣΑΡΧΕΙΟ;Δ/ΝΣΗ ΔΑΣΩΝ;ΕΠΙΤΡΟΠΗ ΔΑΣΟΛΟΓΙΟΥ: ΑΔΑ: 681Α4653Π8-ΧΞΑ;Δ/ΝΣΗ ΣΥΝΤΟΝΙΣΜΟΥ;Δ/ΝΣΗ ΕΓΓΕΙΩΝ ΒΕΛΤΙΩΣΕΩΝ;ΔΑΟΚ: 471480_2/12/2022;ΕΦΑ: 473014_31/10/2022 κος Ανετάκης;ΥΠΑ: 28851_23/11/2022  (χρέωση κος Ξύδας);ΓΕΕΘΑ: 3230_13/11/2023                (Κ. ΚΑΙΜΑΞΗΣ);ΥΔΟΜ: 91656_30/11/2023 ΧΡ. Κα Κοσμίδου   16880_5/03/2024;ΕΟΤ: ΘΕΣ-3796_19/12/2022 κος Σαρούκος;ΠΠΧ: ΑΠΑΙΤΕΙΤΑΙ;ΠΟΛΙΤΙΚΗ ΓΗ: κος Τρικιώνης 454320_15/11/2023 εμπίπτουν σε επικοιστικές εκτάσεις;ΕΝΜ: 471151_11/11/2022;ΕΟΑ: ΔΑ
PVK2090-01_4N-20p90_ΣΕΡΒΙΩΝ-ΒΕΛΒΕΝΤΟΥ-ΚΟΖΑΝΗ,SSL1_CLUSTER 2 - ΚΟΖΑΝΗ,,,,,"**Ταυτότητα**
- ID: 4N
- Cluster: 2
- Θέση: ΠΑΠΑΓΙΑΝΝΗ
- Δήμος: ΣΕΡΒΙΩΝ-ΒΕΛΒΕΝΤΟΥ | Π.Ε.: ΚΟΖΑΝΗ | Περιφέρεια: ΔΥΤΙΚΗΣ ΜΑΚΕΔΟΝΙΑΣ
- Κάτοχος άδειας: SAISON SOLAIRE 1

**Ισχύς & Γη**
- Αρχική ισχύς (MWp): 20.904
- Τρέχουσα ισχύς (MWp): 20.904
- Τελική έκταση (τ.μ.): 423508.85
- Σύνδεση στο δίκτυο: ΝΈΟ ΚΥΤ ΜΕΤΑΞΑ
- Αποθήκευση: Μέγιστη ωφέλιμη (MWh): 0

**Constraints**
- Natura: ΟΧΙ
- Ρέματα (#): 8 | Μήκος (km): 6.9

**Ρυθμιστικά / Άδειες**
- ΑΓ-: Γ-014170
- Βεβ. Παραγωγού: HOLD ΛΟΓΩ ΕΠΙΚΑΛΥΨΕΩΝ

**Deadlines / Routing**
- Ημ/νία υποβολής ΡΑΕ: 2022-06-22
- Περιβαλλοντική αδειοδότηση (ΠΠΔ/ΑΕΠΟ): ΑΕΠΟ
- Προθεσμία υποβολής ΑΕΠΟ: NaT

**Περιβαλλοντικό – Υποβολές**
- Αποστολή ενημερωτικού προς ΡΑΕ για κατάθεση ΜΠΕ: Ι 346335-2023/02/21
- Κατάθεση ΜΠΕ (Αρ. Πρωτ / Ημ. έκδοσης): 20/01/2023                        ΠΕΤ: 2301894826             6/8-01-2024 αιτημα προσφυγης σε ΠΕΣΠΑ",HOLD ΛΟΓΩ ΕΠΙΚΑΛΥΨΕΩΝ,,"ΧΑΡΤΕΣ ΓΥΣ: ΝΑΙ;ΤΟΠΟΓΡΑΦΗΣΗ ME DRONE: ΟΚ;ΜΕΛΕΤΗ ΟΔΟΠΟΙΙΑΣ;ΘΕΩΡΗΣΗ ΔΙΚΤΥΟΥ;ΚΑΘΟΡΙΣΜΟΣ ΓΡΑΜΜΩΝ ΠΛΥΜΜΗΡΑΣ: ΟΚ;ΥΔΡΑΥΛΙΚΗ ΜΕΛΕΤΗ: ΟΚ;ΔΙΚΤΥΑ (ΓΟΕΒ.ΤΟΕΒ, ΦΥΣ ΑΕΡΙΟΥ, ΚΑΥΣΙΜΩΝ, ΔΟΥΛΕΙΕΣ)","ΔΑΣΑΡΧΕΙΟ: ΔΕΝ ΑΠΑΙΤΕΙΤΑΙ, ΕΧΕΙ ΑΝΑΡΤΗΜΕΝΟΥΣ ΔΑΣΙΚΟΥΣ ΧΑΡΤΕΣ;Δ/ΝΣΗ ΔΑΣΩΝ;ΕΠΙΤΡΟΠΗ ΔΑΣΟΛΟΓΙΟΥ: 15_8/03/2023;Δ/ΝΣΗ ΣΥΝΤΟΝΙΣΜΟΥ;Δ/ΝΣΗ ΕΓΓΕΙΩΝ ΒΕΛΤΙΩΣΕΩΝ;ΔΑΟΚ: 180163/16-11-2022  κος Μπατζιανης;ΕΦΑ: 452500_28/11/2022 ΘΕΤΙΚΗ ΓΝΩΜΟΔΟΤΗΣΗ  κα Κλημάντου;ΥΠΑ: 28384_17/11/2022                      χρέωση κος Ξύδας, 3538_20/02/2023 ΘΕΤΙΚΗ ΓΝΩΜΟΔΟΤΗΣΗ;ΓΕΕΘΑ: 3240_16/11/2022                 (Κ. ΚΑΙΜΑΞΗΣ)                                   ΑΔΑ: 6Φ1Δ4653Π8-ΙΥΔ;ΥΔΟΜ;ΕΟΤ: ΔΜ/1185/15-11-2022                             ΧΡΕΩΣΗ ΚΑ ΛΙΑΠΟΠΟΥΛΟΥ                  1185_1/12/2022 θετικη γνωμοδοτηση;ΠΠΧ: ΑΠΑΙΤΕΙΤΑΙ;ΠΟΛΙΤΙΚΗ ΓΗ;ΕΝΜ: Αρ. Πρωτ. 445601 ΥΠΠΟΑ28/6.09.2022;ΕΟΑ: ΔΑ"
PVK1300-01_5N-13p00_ΣΕΡΒΙΩΝ-ΒΕΛΒΕΝΤΟΥ-ΚΟΖΑΝΗ,SSL1_CLUSTER 2 - ΚΟΖΑΝΗ,,,,,"**Ταυτότητα**
- ID: 5N
- Cluster: 2
- Θέση: ΦΛΑΜΟΥΡΙΑ 2
- Δήμος: ΣΕΡΒΙΩΝ-ΒΕΛΒΕΝΤΟΥ | Π.Ε.: ΚΟΖΑΝΗ | Περιφέρεια: ΔΥΤΙΚΗΣ ΜΑΚΕΔΟΝΙΑΣ
- Κάτοχος άδειας: SAISON SOLAIRE 1

**Ισχύς & Γη**
- Αρχική ισχύς (MWp): 12.998
- Τρέχουσα ισχύς (MWp): 12.998
- Ισχύς στα ΣΑΗΕ (MW): 16
- Τελική έκταση (τ.μ.): 348448.77
- Απόσταση όδευσης καλωδίων (km): 8.865
- Σύνδεση στο δίκτυο: ΝΈΟ ΚΥΤ ΜΕΤΑΞΑ
- Αποθήκευση: Εγγυημένη (MWh): 25.996 | Μέγιστη εγκατ. (MWh): 50 | Μέγιστη ωφέλιμη (MWh): 45

**Constraints**
- Natura: ΟΧΙ
- Ρέματα (#): 8 | Μήκος (km): 5.9

**Ρυθμιστικά / Άδειες**
- ΑΓ-: Γ-014175 | ΑΜ-ΡΑΕ: ΑΔ-010186
- Εφάπαξ τέλος ΡΑΕ: 31496
- Βεβ. Παραγωγού: ΑΔΑ: ΨΝ2ΠΙΔΞ-47Λ
- Αδ. Παραγωγής: 005186/2022
- Τροποποίηση Βεβαίωσης Παραγωγού (11A/11B): O-110630

**Deadlines / Routing**
- Ημ/νία υποβολής ΡΑΕ: 2022-06-22
- Προθεσμία υποβολής ΑΕΠΟ: NaT

**Περιβαλλοντικό – Υποβολές**
- (κενό)",ΒΓΗΚΕ Η ΑΕΠΟ 54293/28/11/2025. ΑΝΑΜΕΝΕΤΑΙ ΚΑΤΑΘΕΣΗ ΜΕΛΕΤΗΣ ΤΡΟΠΟΠΟΙΗΣΗΣ ΣΑΝ Α1 (ΥΠΕΝ) ΤΟΝ ΦΕΒΡΟΥΑΡΙΟ 2026,,"ΧΑΡΤΕΣ ΓΥΣ: ΝΑΙ;ΤΟΠΟΓΡΑΦΗΣΗ ME DRONE: ΟΚ;ΜΕΛΕΤΗ ΟΔΟΠΟΙΙΑΣ;ΘΕΩΡΗΣΗ ΔΙΚΤΥΟΥ;ΚΑΘΟΡΙΣΜΟΣ ΓΡΑΜΜΩΝ ΠΛΥΜΜΗΡΑΣ;ΥΔΡΑΥΛΙΚΗ ΜΕΛΕΤΗ;ΔΙΚΤΥΑ (ΓΟΕΒ.ΤΟΕΒ, ΦΥΣ ΑΕΡΙΟΥ, ΚΑΥΣΙΜΩΝ, ΔΟΥΛΕΙΕΣ)","ΔΑΣΑΡΧΕΙΟ: Επικοινωνία με κο Τουρνά, 264115_5/06                              280227_14/06/2024  τελευταία επικοινωνία 9/10 δε θα καθυστερήσουν οι γνωμοδοτήσεις,. Λάβαμε απάντηση σύμφωνα με την οποία πρέπει να γίνει αίτημα σε Κτηματική υπηρεσία ενδεχομένως υπηρεσιακα από το δασαρχείο Κοζάνη. Έλεγχος εδαφίου 3 της αποφασης  /ΕΠΙΚΟΙΝΩΝΙΑ κ. Δουκλιά με κ. Βαρκεντζή Κτηματική υπηρεσία και συμφωνήθηκε να γίνει το αίτημα από μέρους μας και από τη στιγμή που προκειται για εκτάσεις Δημοσίου η απάντηση να αποσταλεί απευθείας στο Δασαρχείο.Πηραμε απάντηση από κτηματική υπηρεσία και από δασαρχέιο ότι είμαστε οκ  με 98494/12/08/24;Δ/ΝΣΗ ΔΑΣΩΝ;ΕΠΙΤΡΟΠΗ ΔΑΣΟΛΟΓΙΟΥ: ( κος Τσίμπλινας)ΕΠΙΚΟΙΝΩΝΙΑ                           14_8/03/2023 Στα τμήματα Α1 & Α2 της έκτασης Α αποδίδεται ο ειδικότερος χαρακτηρισμός της δασικής έκτασης, καθώς και ιδιαίτερη βιοκοινότητα;Δ/ΝΣΗ ΣΥΝΤΟΝΙΣΜΟΥ: 69246/20/02/2025;Δ/ΝΣΗ ΕΓΓΕΙΩΝ ΒΕΛΤΙΩΣΕΩΝ: 16724_7/03/2024 (116917 28-08/24 )ΕΚΤΟΣ ΚΥΡΩΜΕΝΩΝ ΔΑΣΙΚΩΝ ΔΙΑΓΡΑΜΜΑΤΩΝ;ΔΑΟΚ: 180166/16-11-2022 κος Μπατζιάνης;ΕΦΑ: Αρ. Πρωτ. 452488/21.09.22                     (κα Κλημάντου)                         επικοινωνία 21/06/2023, στις 28/06/2023 έχει απαντηθεί και είναι θετική η γνωμοδότηση;ΥΠΑ: Κ.Γ.Δ3.3520_22/02/2023 (χρέωση κος Ξύδας);ΓΕΕΘΑ: 3238_16/11/2022  (Κ. ΚΑΙΜΑΞΗΣ)                                   Φ.114.1/1770/292518_2/10/2023;ΥΔΟΜ: 3363_25/10/2022;ΕΟΤ: 183_1/12/2022 κα Λιαποπούλου;ΠΠΧ: ΑΠΑΙΤΕΙΤΑΙ;ΠΟΛΙΤΙΚΗ ΓΗ: 16724_7/03/2024 χρ.κος Τσιρέκας τελευταία επικοινωνία 9/10 δεν απάντησε. Λάβαμε απάντηση 16/08/204 ΑΠ 16724 και αναμένεται ο έλεγχος των κληροτεμαχιων 529, 530 ΔΕΝ ΕΊΝΑΙ ΔΙΑΘΕΣΙΜΑ ΠΡΟΣ ΕΚΜΙΣΘΩΣΗ .;ΕΝΜ: 445601 ΥΠΠΟΑ28/6.09.2022;ΕΟΑ: ΔΑ-ΕΝΤΟΣ ΚΑΖ   Κ168"
PVK1118-01_7N-11p18_ΣΕΡΒΙΩΝ-ΒΕΛΒΕΝΤΟΥ-ΚΟΖΑΝΗ,SSL1_CLUSTER 2 - ΚΟΖΑΝΗ,,,,,"**Ταυτότητα**
- ID: 7N
- Cluster: 2
- Θέση: ΚΛΕΙΣΟΥΡΑ ΡΕΜΑ 1
- Δήμος: ΣΕΡΒΙΩΝ-ΒΕΛΒΕΝΤΟΥ | Π.Ε.: ΚΟΖΑΝΗ | Περιφέρεια: ΔΥΤΙΚΗΣ ΜΑΚΕΔΟΝΙΑΣ
- Κάτοχος άδειας: SAISON SOLAIRE 1

**Ισχύς & Γη**
- Αρχική ισχύς (MWp): 20.1
- Τρέχουσα ισχύς (MWp): 11.181
- Ισχύς στα ΣΑΗΕ (MW): 25.6
- Τελική έκταση (τ.μ.): 403355.45
- Απόσταση όδευσης καλωδίων (km): 2.326
- Σύνδεση στο δίκτυο: ΝΈΟ ΚΥΤ ΜΕΤΑΞΑ
- Αποθήκευση: Εγγυημένη (MWh): 40.2 | Μέγιστη εγκατ. (MWh): 80 | Μέγιστη ωφέλιμη (MWh): 72

**Constraints**
- Natura: ΟΧΙ
- Ρέματα (#): 6 | Μήκος (km): 4.7

**Ρυθμιστικά / Άδειες**
- ΑΓ-: Γ-014176 | ΑΜ-ΡΑΕ: ΑΔ-010210
- Εφάπαξ τέλος ΡΑΕ: 45700
- Βεβ. Παραγωγού: ΑΔΑ: 64ΧΒΙΔΞ-ΘΦΕ
- Αδ. Παραγωγής: 005210/2022
- Τροποποίηση Βεβαίωσης Παραγωγού (11A/11B): O-110632

**Deadlines / Routing**
- Ημ/νία υποβολής ΡΑΕ: 2022-06-22
- Προθεσμία υποβολής ΑΕΠΟ: NaT

**Περιβαλλοντικό – Υποβολές**
- (κενό)","ΒΓΗΚΕ Η ΑΕΠΟ 54293/28/11/2025. ΘΑ ΚΑΤΑΤΕΘΕΙ ΑΙΤΗΜΑ ΣΤΗΝ ΡΑΑΕΥ ΓΙΑ ΜΕΙΩΣΗ ΙΣΧΥΟΣ ΦΒ ΚΑΙ ΣΑΗΕ. ΚΑΤΟΠΙΝ,  ΑΝΑΜΕΝΕΤΑΙ ΚΑΤΑΘΕΣΗ ΜΕΛΕΤΗΣ ΤΡΟΠΟΠΟΙΗΣΗΣ ΣΑΝ Α1 (ΥΠΕΝ) ΤΟΝ ΦΕΒΡΟΥΑΡΙΟ 2026",,"ΧΑΡΤΕΣ ΓΥΣ: ΝΑΙ;ΤΟΠΟΓΡΑΦΗΣΗ ME DRONE: ΟΚ;ΜΕΛΕΤΗ ΟΔΟΠΟΙΙΑΣ;ΘΕΩΡΗΣΗ ΔΙΚΤΥΟΥ;ΚΑΘΟΡΙΣΜΟΣ ΓΡΑΜΜΩΝ ΠΛΥΜΜΗΡΑΣ;ΥΔΡΑΥΛΙΚΗ ΜΕΛΕΤΗ;ΔΙΚΤΥΑ (ΓΟΕΒ.ΤΟΕΒ, ΦΥΣ ΑΕΡΙΟΥ, ΚΑΥΣΙΜΩΝ, ΔΟΥΛΕΙΕΣ)","ΔΑΣΑΡΧΕΙΟ: Επικοινωνία με κο Τουρνά, 264115_5/06                              280227_14/06/2024  τελευταία επικοινωνία 9/10 δε θα καθυστερήσουν οι γνωμοδοτήσεις,. Λάβαμε απάντηση σύμφωνα με την οποία πρέπει να γίνει αίτημα σε Κτηματική υπηρεσία ενδεχομένως υπηρεσιακα από το δασαρχείο Κοζάνη. Έλεγχος εδαφίου 3 της αποφασης   /ΕΠΙΚΟΙΝΩΝΙΑ κ. Δουκλιά με κ. Βαρκεντζή Κτηματική υπηρεσία και συμφωνήθηκε να γίνει το αίτημα από μέρους μας και από τη στιγμή που προκειται για εκτάσεις Δημοσίου η απάντηση να αποσταλεί απευθείας στο Δασαρχείο.Πηραμε απάντηση από κτηματική υπηρεσία και από δασαρχέιο ότι είμαστε οκ  με 98494/12/08/24;Δ/ΝΣΗ ΔΑΣΩΝ: 38327/30-01-2025 ΓΝΩΜΟΔΟΤΗΣΗ ΕΠΙ ΤΗΣ ΜΠΕ;ΕΠΙΤΡΟΠΗ ΔΑΣΟΛΟΓΙΟΥ: Αριθ.Πρωτ.ΠΕ ΔΑΣ:77/07/09/2022 -                      88/17-11-2022  ( κος Τσίμπλινας)                                          ΑΠΟΦΑΣΗ 09/2023 ΑΔΑ: Ω8Λ94653Π8-Τ0Ν;Δ/ΝΣΗ ΣΥΝΤΟΝΙΣΜΟΥ: 69246/20/02/2025;Δ/ΝΣΗ ΕΓΓΕΙΩΝ ΒΕΛΤΙΩΣΕΩΝ: 16724_7/03/2024 (116917 28-08/24 )ΕΚΤΟΣ ΚΥΡΩΜΕΝΩΝ ΔΑΣΙΚΩΝ ΔΙΑΓΡΑΜΜΑΤΩΝ;ΔΑΟΚ: 180249/16-11-2022 κος Μπατζιάνης;ΕΦΑ: 452404_17/03/2023 (κα Κλημάντου);ΥΠΑ: 28389_17/11/2022  (Ξυδάς) Δ3/Δ 15312_18/07/2023;ΓΕΕΘΑ: 3244_16/11/2022              (Κ. ΚΑΙΜΑΞΗΣ)                                   Φ.114.1/1770/292518_2/10/2023;ΥΔΟΜ: 3364_26/10/2022;ΕΟΤ: 1180_29/11/2022 κα Λιαποπούλου;ΠΠΧ: ΑΠΑΙΤΕΙΤΑΙ;ΠΟΛΙΤΙΚΗ ΓΗ: 16724_7/03/2024 χρ.κος Τσιρέκας τελευταία επικοινωνία 9/10 δεν απάντησε. Λάβαμε απάντηση 16/08/204 ΑΠ 16724 και αναμένεται ο έλεγχος των κληροτεμαχιων 529, 530 ΔΕΝ ΕΊΝΑΙ ΔΙΑΘΕΣΙΜΑ ΠΡΟΣ ΕΚΜΙΣΘΩΣΗ .;ΕΝΜ: Αρ. Πρωτ. 445601 ΥΠΠΟΑ28/6.09.202;ΕΟΑ: ΔΑ-ΕΝΤΟΣ ΚΑΖ   Κ168"
PVK1052-02_8N-10p52_ΣΕΡΒΙΩΝ-ΒΕΛΒΕΝΤΟΥ-ΛΑΡΙΣΣΑΣ,SSL1_CLUSTER 2 - ΚΟΖΑΝΗ,,,,,"**Ταυτότητα**
- ID: 8N
- Cluster: 2
- Θέση: ΚΟΚΚΑ
- Δήμος: ΣΕΡΒΙΩΝ-ΒΕΛΒΕΝΤΟΥ | Π.Ε.: ΛΑΡΙΣΣΑΣ | Περιφέρεια: ΘΕΣΣΑΛΙΑΣ
- Κάτοχος άδειας: SAISON SOLAIRE 1

**Ισχύς & Γη**
- Αρχική ισχύς (MWp): 10.519
- Τρέχουσα ισχύς (MWp): 10.519
- Ισχύς στα ΣΑΗΕ (MW): 12.8
- Τελική έκταση (τ.μ.): 179853.24
- Απόσταση όδευσης καλωδίων (km): 3.793
- Σύνδεση στο δίκτυο: ΝΈΟ ΚΥΤ ΜΕΤΑΞΑ
- Αποθήκευση: Εγγυημένη (MWh): 21.038 | Μέγιστη εγκατ. (MWh): 40 | Μέγιστη ωφέλιμη (MWh): 36

**Constraints**
- Natura: ΟΧΙ
- Ρέματα (#): 8 | Μήκος (km): 2.2

**Ρυθμιστικά / Άδειες**
- ΑΓ-: Γ-014177 | ΑΜ-ΡΑΕ: ΑΔ-010187
- Εφάπαξ τέλος ΡΑΕ: 26538
- Βεβ. Παραγωγού: ΑΔΑ: 63ΗΗΙΔΞ-ΟΩΟ
- Αδ. Παραγωγής: 005187/2022
- Τροποποίηση Βεβαίωσης Παραγωγού (11A/11B): O-110631

**Deadlines / Routing**
- Ημ/νία υποβολής ΡΑΕ: 2022-06-22
- Προθεσμία υποβολής ΑΕΠΟ: NaT

**Περιβαλλοντικό – Υποβολές**
- (κενό)",ΒΓΗΚΕ Η ΑΕΠΟ 54293/28/11/2025. ΑΝΑΜΕΝΕΤΑΙ ΚΑΤΑΘΕΣΗ ΜΕΛΕΤΗΣ ΤΡΟΠΟΠΟΙΗΣΗΣ ΣΑΝ Α1 (ΥΠΕΝ) ΤΟΝ ΦΕΒΡΟΥΑΡΙΟ 2026,,"ΧΑΡΤΕΣ ΓΥΣ: ΝΑΙ;ΤΟΠΟΓΡΑΦΗΣΗ ME DRONE: ΟΚ;ΜΕΛΕΤΗ ΟΔΟΠΟΙΙΑΣ;ΘΕΩΡΗΣΗ ΔΙΚΤΥΟΥ;ΚΑΘΟΡΙΣΜΟΣ ΓΡΑΜΜΩΝ ΠΛΥΜΜΗΡΑΣ;ΥΔΡΑΥΛΙΚΗ ΜΕΛΕΤΗ;ΔΙΚΤΥΑ (ΓΟΕΒ.ΤΟΕΒ, ΦΥΣ ΑΕΡΙΟΥ, ΚΑΥΣΙΜΩΝ, ΔΟΥΛΕΙΕΣ)","ΔΑΣΑΡΧΕΙΟ: 416405/08-08-2023 κα Καραϊσκου  έχουν αποσταλεί τα συμπληρωματικά από 30/09 ΕΣΤΑΛΗΣΑΝ ΝΕΑ ΤΟΠΟΓΡΑΦΙΚΑΣΤΙ 18/10/2024  ΣΕ ΚΑΡΑΙΣΚΟΥ ΜΕ ΕΞΑΙΡΕΣΗ ΤΜΉΜΑ ΔΑΣΙΚΟΥ ΟΠΟΤΕ ΑΝΑΜΕΝΕΤΑΙ Η ΑΠΑΝΤΗΣΗ ΣΥΝΤΟΜΑ, ΑΔΑ: ΨΥΘΧ4653Π8-Ψ3Κ,  20/10/2024 Αποφαση της επιτροπης δασολογιου που επιτρέπει στα  χαρακτηρισμένα δασικά τμήματα και όχι στα Δάση (μικρή έκταση)  ΣΤΕΙΛΑΜΕ ΣΤΗΝΚΑΡΑΪΚΣΟΥ ΣΤΙΣ 09-04-2025;Δ/ΝΣΗ ΔΑΣΩΝ: ΑΝΑΜΕΝΕΤΑΙ Η ΓΝΩΜΟΔΟΤΗΣΗΑΦΟΥ ΠΡΩΤΑ ΓΝΩΜΟΔΟΤΗΣΕΙ Η ΚΑΡΑΙΣΚΟΥ - ΣΤΕΙΛΑΜΕ ΤΑ ΑΡΧΕΙΑ ΣΤΗΝ ΚΑΡΑΪΣΚΟΥ  ΣΤΙΣ 09-04-2025;ΕΠΙΤΡΟΠΗ ΔΑΣΟΛΟΓΙΟΥ: 31_16/06/2023_ΔΑΣΑΡΧΕΙΟ ΕΛΑΣΣΟΝΑΣ, κος Ωραιόπουλος,   ΑΔΑ: ΨΥΘΧ4653Π8-Ψ3Κ,  20/10/2024 Αποφαση της επιτροπης δασολογιου που επιτρέπει στα  χαρακτηρισμένα δασικά τμήματα και όχι στα Δάση (μικρή έκταση);Δ/ΝΣΗ ΣΥΝΤΟΝΙΣΜΟΥ: 69246/20/02/2025;Δ/ΝΣΗ ΕΓΓΕΙΩΝ ΒΕΛΤΙΩΣΕΩΝ;ΔΑΟΚ: 180134/16-11-2022 κος Μπατζιάνης;ΕΦΑ: 362106_28/07/2023 (κα Τσιάκα);ΥΠΑ: Κ.Γ.Δ3_3557_20/02/2023;ΓΕΕΘΑ: 3242_16/11/2022(Κ. ΚΑΙΜΑΞΗΣ)                                    Φ.114.1/1770/292518_2/10/2023;ΥΔΟΜ: 12053_8/11/2022;ΕΟΤ: 1187_1/12/2022  κα Λιαποπούλου;ΠΠΧ: ΑΠΑΙΤΕΙΤΑΙ;ΠΟΛΙΤΙΚΗ ΓΗ: 105426_27/02/2024 ΔΗΜΌΣΙΑ ΕΚΤΑΣΗ ΕΠΙΚΟΙΣΤΙΚΗΣ ΠΡΟΕΛΕΥΣΗΣ;ΕΝΜ: Αρ. Πρωτ. 445601 ΥΠΠΟΑ28/6.09.2022;ΕΟΑ: ΔΑ-ΕΝΤΟΣ ΚΑΖ   Κ168"
PVK8006-01_9N-80p06_ΣΕΡΒΙΩΝ-ΒΕΛΒΕΝΤΟΥ-ΚΟΖΑΝΗ,SSL1_CLUSTER 2 - ΚΟΖΑΝΗ,,,,,"**Ταυτότητα**
- ID: 9N
- Cluster: 2
- Θέση: ΚΩΔΟΝΟΤΡΥΠΑ
- Δήμος: ΣΕΡΒΙΩΝ-ΒΕΛΒΕΝΤΟΥ | Π.Ε.: ΚΟΖΑΝΗ | Περιφέρεια: ΔΥΤΙΚΗΣ ΜΑΚΕΔΟΝΙΑΣ
- Κάτοχος άδειας: SAISON SOLAIRE 1

**Ισχύς & Γη**
- Αρχική ισχύς (MWp): 80.065
- Τρέχουσα ισχύς (MWp): 80.065
- Τελική έκταση (τ.μ.): 1806275.65
- Απόσταση όδευσης καλωδίων (km): 6.77
- Σύνδεση στο δίκτυο: ΝΈΟ ΚΥΤ ΜΕΤΑΞΑ
- Αποθήκευση: Μέγιστη ωφέλιμη (MWh): 0

**Constraints**
- Natura: ΟΧΙ
- Ρέματα (#): 27 | Μήκος (km): 13.13

**Ρυθμιστικά / Άδειες**
- ΑΓ-: Γ-014178
- Βεβ. Παραγωγού: HOLD ΛΟΓΩ ΕΠΙΚΑΛΥΨΕΩΝ

**Deadlines / Routing**
- Ημ/νία υποβολής ΡΑΕ: 2022-06-22
- Προθεσμία υποβολής ΑΕΠΟ: 2023-05-16

**Περιβαλλοντικό – Υποβολές**
- (κενό)",HOLD ΛΟΓΩ ΕΠΙΚΑΛΥΨΕΩΝ,,"ΧΑΡΤΕΣ ΓΥΣ: ΝΑΙ;ΤΟΠΟΓΡΑΦΗΣΗ ME DRONE: ΟΚ;ΜΕΛΕΤΗ ΟΔΟΠΟΙΙΑΣ;ΘΕΩΡΗΣΗ ΔΙΚΤΥΟΥ;ΚΑΘΟΡΙΣΜΟΣ ΓΡΑΜΜΩΝ ΠΛΥΜΜΗΡΑΣ;ΥΔΡΑΥΛΙΚΗ ΜΕΛΕΤΗ;ΔΙΚΤΥΑ (ΓΟΕΒ.ΤΟΕΒ, ΦΥΣ ΑΕΡΙΟΥ, ΚΑΥΣΙΜΩΝ, ΔΟΥΛΕΙΕΣ)","ΔΑΣΑΡΧΕΙΟ;Δ/ΝΣΗ ΔΑΣΩΝ;ΕΠΙΤΡΟΠΗ ΔΑΣΟΛΟΓΙΟΥ: Αριθ.Πρωτ.ΠΕ ΔΑΣ:77/07/09/2022 -                     90/17-11-2022 Χρέωση κος Πασαγιάννης, έχουμε στείλει αίτημα απόσυρσης;Δ/ΝΣΗ ΣΥΝΤΟΝΙΣΜΟΥ;Δ/ΝΣΗ ΕΓΓΕΙΩΝ ΒΕΛΤΙΩΣΕΩΝ;ΔΑΟΚ: 180156/16-11-2022  κος Μπατζιάνης;ΕΦΑ: Αρ. Πρωτ. 452447/ 21.09.2022                         452477_28/11/2022 ΘΕΤΙΚΗ ΓΝΩΜΟΔΟΤΗΣΗ;ΥΠΑ: 28379_17/11/2022                        κος Ξύδας,  3528_20/02/2023 ΘΕΤΙΚΗ ΓΝΩΜΟΔΟΤΗΣΗ;ΓΕΕΘΑ: 3241_16/11/2022              (Κ. ΚΑΙΜΑΞΗΣ)                                   επικοινωνία 10-08-2023 αναμένουμε την απόφαση από ένα τμήμα της Αεροπορίας, το ΔΑΕΚ;ΥΔΟΜ: 3366_26/10/2022                                        θετική γνωμοδότηση ΧΡΕΩΣΗ ΚΑ ΜΕΛΙΔΟΥ;ΕΟΤ: ΔΜ/1186/15-11-2022;ΠΠΧ: ΑΠΑΙΤΕΙΤΑΙ;ΠΟΛΙΤΙΚΗ ΓΗ;ΕΝΜ: Αρ. Πρωτ. 445601 ΥΠΠΟΑ28/6.09.2022;ΕΟΑ: ΔΑ-ΕΝΤΟΣ ΚΑΖ   Κ168"
PVK1400-01_10N-14p00_ΣΕΡΒΙΩΝ-ΒΕΛΒΕΝΤΟΥ-ΚΟΖΑΝΗ,SSL1_CLUSTER 2 - ΚΟΖΑΝΗ,,,,,"**Ταυτότητα**
- ID: 10N
- Cluster: 2
- Θέση: ΣΩΚΡΑΤΗ
- Δήμος: ΣΕΡΒΙΩΝ-ΒΕΛΒΕΝΤΟΥ | Π.Ε.: ΚΟΖΑΝΗ | Περιφέρεια: ΔΥΤΙΚΗΣ ΜΑΚΕΔΟΝΙΑΣ
- Κάτοχος άδειας: SAISON SOLAIRE 1

**Ισχύς & Γη**
- Αρχική ισχύς (MWp): 14.003
- Τρέχουσα ισχύς (MWp): 14.003
- Ισχύς στα ΣΑΗΕ (MW): 19.2
- Τελική έκταση (τ.μ.): 309597.17
- Απόσταση όδευσης καλωδίων (km): 2.609
- Σύνδεση στο δίκτυο: ΝΈΟ ΚΥΤ ΜΕΤΑΞΑ
- Αποθήκευση: Εγγυημένη (MWh): 28.006 | Μέγιστη εγκατ. (MWh): 60 | Μέγιστη ωφέλιμη (MWh): 54

**Constraints**
- Natura: ΟΧΙ
- Ρέματα (#): 4 | Μήκος (km): 3.5

**Ρυθμιστικά / Άδειες**
- ΑΓ-: Γ-014179 | ΑΜ-ΡΑΕ: ΑΔ-010192
- Εφάπαξ τέλος ΡΑΕ: 33506
- Βεβ. Παραγωγού: ΑΔΑ: 66ΗΚΙΔΞ-8ΤΔ
- Αδ. Παραγωγής: 005192/2022
- Τροποποίηση Βεβαίωσης Παραγωγού (11A/11B): O-110633

**Deadlines / Routing**
- Ημ/νία υποβολής ΡΑΕ: 2022-06-22
- Προθεσμία υποβολής ΑΕΠΟ: NaT

**Περιβαλλοντικό – Υποβολές**
- (κενό)",ΒΓΗΚΕ Η ΑΕΠΟ 54293/28/11/2025. ΑΝΑΜΕΝΕΤΑΙ ΚΑΤΑΘΕΣΗ ΜΕΛΕΤΗΣ ΤΡΟΠΟΠΟΙΗΣΗΣ ΣΑΝ Α1 (ΥΠΕΝ) ΤΟΝ ΦΕΒΡΟΥΑΡΙΟ 2026,,"ΧΑΡΤΕΣ ΓΥΣ: ΝΑΙ;ΤΟΠΟΓΡΑΦΗΣΗ ME DRONE: ΟΚ;ΜΕΛΕΤΗ ΟΔΟΠΟΙΙΑΣ;ΘΕΩΡΗΣΗ ΔΙΚΤΥΟΥ;ΚΑΘΟΡΙΣΜΟΣ ΓΡΑΜΜΩΝ ΠΛΥΜΜΗΡΑΣ;ΥΔΡΑΥΛΙΚΗ ΜΕΛΕΤΗ;ΔΙΚΤΥΑ (ΓΟΕΒ.ΤΟΕΒ, ΦΥΣ ΑΕΡΙΟΥ, ΚΑΥΣΙΜΩΝ, ΔΟΥΛΕΙΕΣ)","ΔΑΣΑΡΧΕΙΟ: Επικοινωνία με κο Τουρνά, 264115_5/06                              280227_14/06/2024  τελευταία επικοινωνία 9/10 δε θα καθυστερήσουν οι γνωμοδοτήσεις,. Λάβαμε απάντηση σύμφωνα με την οποία πρέπει να γίνει αίτημα σε Κτηματική υπηρεσία ενδεχομένως υπηρεσιακα από το δασαρχείο Κοζάνη. Έλεγχος εδαφίου 3 της αποφασης   /ΕΠΙΚΟΙΝΩΝΙΑ κ. Δουκλιά με κ. Βαρκεντζή Κτηματική υπηρεσία και συμφωνήθηκε να γίνει το αίτημα από μέρους μας και από τη στιγμή που προκειται για εκτάσεις Δημοσίου η απάντηση να αποσταλεί απευθείας στο Δασαρχείο.Πηραμε απάντηση από κτηματική υπηρεσία και από δασαρχέιο ότι είμαστε οκ  με 98494/12/08/24;Δ/ΝΣΗ ΔΑΣΩΝ: 38327/30-01-2025 ΓΝΩΜΟΔΟΤΗΣΗ ΕΠΙ ΤΗΣ ΜΠΕ;ΕΠΙΤΡΟΠΗ ΔΑΣΟΛΟΓΙΟΥ: Αριθ.Πρωτ.ΠΕ ΔΑΣ:77/07/09/2022               91/17-11-2022   ( κος Τσίμπλινας) ΑΠΟΦΑΣΗ 08/2023 ΑΔΑ: 6ΖΚΣ4653Π8-ΑΒΞ;Δ/ΝΣΗ ΣΥΝΤΟΝΙΣΜΟΥ: 69246/20/02/2025;Δ/ΝΣΗ ΕΓΓΕΙΩΝ ΒΕΛΤΙΩΣΕΩΝ: 16724_7/03/2024 (116917 28-08/24 )ΕΚΤΟΣ ΚΥΡΩΜΕΝΩΝ ΔΑΣΙΚΩΝ ΔΙΑΓΡΑΜΜΑΤΩΝ;ΔΑΟΚ: 180317/16-11-2022 κος Μπατζιάνης;ΕΦΑ: 452416_17/03/ 2023  (κα Κλημάντου);ΥΠΑ: Κ.Γ.Δ3_3524_20/02/2023 (χρέωση κος Ξύδας);ΓΕΕΘΑ: 3239_16/11/2022                (Κ. ΚΑΙΜΑΞΗΣ)                                   Φ.114.1/1770/292518_2/10/2023;ΥΔΟΜ: 3359_26/10/2022;ΕΟΤ: 1184_1/12/2022 κα Λιαποπούλου;ΠΠΧ: ΑΠΑΙΤΕΙΤΑΙ;ΠΟΛΙΤΙΚΗ ΓΗ: 16724_7/03/2024 χρ.κος Τσιρέκας τελευταία επικοινωνία 9/10 δεν απάντησε. Λάβαμε απάντηση 16/08/204 ΑΠ 16724 και αναμένεται ο έλεγχος των κληροτεμαχιων 529, 530 ΔΕΝ ΕΊΝΑΙ ΔΙΑΘΕΣΙΜΑ ΠΡΟΣ ΕΚΜΙΣΘΩΣΗ .;ΕΝΜ: 445601 ΥΠΠΟΑ28/6.09.2022;ΕΟΑ: ΔΑ-ΕΝΤΟΣ ΚΑΖ   Κ168"
PVK1026-01_11N-10p26_ΣΕΡΒΙΩΝ-ΒΕΛΒΕΝΤΟΥ-ΚΟΖΑΝΗ,SSL1_CLUSTER 2 - ΚΟΖΑΝΗ,,,,,"**Ταυτότητα**
- ID: 11N
- Cluster: 2
- Θέση: ΚΛΕΙΣΟΥΡΑΣ ΡΕΜΑ 2
- Δήμος: ΣΕΡΒΙΩΝ-ΒΕΛΒΕΝΤΟΥ | Π.Ε.: ΚΟΖΑΝΗ | Περιφέρεια: ΔΥΤΙΚΗΣ ΜΑΚΕΔΟΝΙΑΣ
- Κάτοχος άδειας: SAISON SOLAIRE 1

**Ισχύς & Γη**
- Αρχική ισχύς (MWp): 28.006
- Τρέχουσα ισχύς (MWp): 10.259
- Ισχύς στα ΣΑΗΕ (MW): 35.2
- Τελική έκταση (τ.μ.): 705256.72
- Απόσταση όδευσης καλωδίων (km): 2.244
- Σύνδεση στο δίκτυο: ΝΈΟ ΚΥΤ ΜΕΤΑΞΑ
- Αποθήκευση: Εγγυημένη (MWh): 56.012 | Μέγιστη εγκατ. (MWh): 110 | Μέγιστη ωφέλιμη (MWh): 99

**Constraints**
- Natura: ΟΧΙ
- Ρέματα (#): 10 | Μήκος (km): 12.14

**Ρυθμιστικά / Άδειες**
- ΑΓ-: Γ-014181 | ΑΜ-ΡΑΕ: ΑΔ-010188
- Εφάπαξ τέλος ΡΑΕ: 61512
- Βεβ. Παραγωγού: ΑΔΑ: 94ΨΨΙΔΞ-2ΨΒ
- Αδ. Παραγωγής: 005188/2022
- Τροποποίηση Βεβαίωσης Παραγωγού (11A/11B): O-110635

**Deadlines / Routing**
- Ημ/νία υποβολής ΡΑΕ: 2022-06-22
- Προθεσμία υποβολής ΑΕΠΟ: NaT

**Περιβαλλοντικό – Υποβολές**
- (κενό)","ΒΓΗΚΕ Η ΑΕΠΟ 54293/28/11/2025. ΘΑ ΚΑΤΑΤΕΘΕΙ ΑΙΤΗΜΑ ΣΤΗΝ ΡΑΑΕΥ ΓΙΑ ΜΕΙΩΣΗ ΙΣΧΥΟΣ ΦΒ ΚΑΙ ΣΑΗΕ. ΚΑΤΟΠΙΝ,  ΑΝΑΜΕΝΕΤΑΙ ΚΑΤΑΘΕΣΗ ΜΕΛΕΤΗΣ ΤΡΟΠΟΠΟΙΗΣΗΣ ΣΑΝ Α1 (ΥΠΕΝ) ΤΟΝ ΦΕΒΡΟΥΑΡΙΟ 2026.",,"ΧΑΡΤΕΣ ΓΥΣ: ΝΑΙ;ΤΟΠΟΓΡΑΦΗΣΗ ME DRONE: ΟΚ;ΜΕΛΕΤΗ ΟΔΟΠΟΙΙΑΣ;ΘΕΩΡΗΣΗ ΔΙΚΤΥΟΥ;ΚΑΘΟΡΙΣΜΟΣ ΓΡΑΜΜΩΝ ΠΛΥΜΜΗΡΑΣ;ΥΔΡΑΥΛΙΚΗ ΜΕΛΕΤΗ;ΔΙΚΤΥΑ (ΓΟΕΒ.ΤΟΕΒ, ΦΥΣ ΑΕΡΙΟΥ, ΚΑΥΣΙΜΩΝ, ΔΟΥΛΕΙΕΣ)","ΔΑΣΑΡΧΕΙΟ: Επικοινωνία με κο Τουρνά, 264115_5/06                              280227_14/06/2024  τελευταία επικοινωνία 9/10 δε θα καθυστερήσουν οι γνωμοδοτήσεις,. Λάβαμε απάντηση σύμφωνα με την οποία πρέπει να γίνει αίτημα σε Κτηματική υπηρεσία ενδεχομένως υπηρεσιακα από το δασαρχείο Κοζάνη. Έλεγχος εδαφίου 3 της αποφασης   /ΕΠΙΚΟΙΝΩΝΙΑ κ. Δουκλιά με κ. Βαρκεντζή Κτηματική υπηρεσία και συμφωνήθηκε να γίνει το αίτημα από μέρους μας και από τη στιγμή που προκειται για εκτάσεις Δημοσίου η απάντηση να αποσταλεί απευθείας στο Δασαρχείο.Πηραμε απάντηση από κτηματική υπηρεσία και από δασαρχέιο ότι είμαστε οκ  με 98494/12/08/24;Δ/ΝΣΗ ΔΑΣΩΝ: 38327/30-01-2025 ΓΝΩΜΟΔΟΤΗΣΗ ΕΠΙ ΤΗΣ ΜΠΕ;ΕΠΙΤΡΟΠΗ ΔΑΣΟΛΟΓΙΟΥ: Αριθ.Πρωτ.ΠΕ ΔΑΣ:77/07/09/2022           92/17-11-2022, αρ.απόφασης 18/2023;Δ/ΝΣΗ ΣΥΝΤΟΝΙΣΜΟΥ: 69246/20/02/2025;Δ/ΝΣΗ ΕΓΓΕΙΩΝ ΒΕΛΤΙΩΣΕΩΝ: 16724_7/03/2024 (116917 28-08/24 )ΕΚΤΟΣ ΚΥΡΩΜΕΝΩΝ ΔΑΣΙΚΩΝ ΔΙΑΓΡΑΜΜΑΤΩΝ;ΔΑΟΚ: 180215/16-11-2022 κος Μπατζιάνης;ΕΦΑ: 452442_17/03/2023 (κα Κλημάντου);ΥΠΑ: Κ.Γ.Δ3_ 3553_20/02/2023 (χρέωση κος Ξύδας);ΓΕΕΘΑ: 3243_16/11/2022                  (Κ. ΚΑΙΜΑΞΗΣ)                                   Φ.114.1/1770/292518_2/10/2023;ΥΔΟΜ: 3361_13/10/2022;ΕΟΤ: 1182+1/12/2022 κα Λιαποπούλου;ΠΠΧ: ΑΠΑΙΤΕΙΤΑΙ;ΠΟΛΙΤΙΚΗ ΓΗ: 16724_7/03/2024 χρ.κος Τσιρέκας τελευταία επικοινωνία 9/10 δεν απάντησε. Λάβαμε απάντηση 16/08/204 ΑΠ 16724 και αναμένεται ο έλεγχος των κληροτεμαχιων 529, 530 ΔΕΝ ΕΊΝΑΙ ΔΙΑΘΕΣΙΜΑ ΠΡΟΣ ΕΚΜΙΣΘΩΣΗ .;ΕΝΜ: 445601 ΥΠΠΟΑ28/6.09.2022;ΕΟΑ: ΔΑ-ΕΝΤΟΣ ΚΑΖ   Κ168"
PVK2198-01_12N-21p98_ΣΕΡΒΙΩΝ-ΒΕΛΒΕΝΤΟΥ-ΚΟΖΑΝΗ,SSL1_CLUSTER 2 - ΚΟΖΑΝΗ,,,,,"**Ταυτότητα**
- ID: 12N
- Cluster: 2
- Θέση: ΧΑΝΙ ΚΑΜΠΟΥΡΗ
- Δήμος: ΣΕΡΒΙΩΝ-ΒΕΛΒΕΝΤΟΥ | Π.Ε.: ΚΟΖΑΝΗ | Περιφέρεια: ΔΥΤΙΚΗΣ ΜΑΚΕΔΟΝΙΑΣ
- Κάτοχος άδειας: SAISON SOLAIRE 1

**Ισχύς & Γη**
- Αρχική ισχύς (MWp): 21.976
- Τρέχουσα ισχύς (MWp): 21.976
- Ισχύς στα ΣΑΗΕ (MW): 25.6
- Τελική έκταση (τ.μ.): 424062.9
- Σύνδεση στο δίκτυο: ΝΈΟ ΚΥΤ ΜΕΤΑΞΑ
- Αποθήκευση: Εγγυημένη (MWh): 43.952 | Μέγιστη εγκατ. (MWh): 80 | Μέγιστη ωφέλιμη (MWh): 72

**Constraints**
- Natura: ΟΧΙ
- Ρέματα (#): 9 | Μήκος (km): 7.8

**Ρυθμιστικά / Άδειες**
- ΑΓ-: Γ-014183 | ΑΜ-ΡΑΕ: ΑΔ-010190
- Εφάπαξ τέλος ΡΑΕ: 49452
- Βεβ. Παραγωγού: ΑΔΑ: Ψ333ΙΔΞ-Η7Ξ
- Αδ. Παραγωγής: 005190/2022
- Τροποποίηση Βεβαίωσης Παραγωγού (11A/11B): Ι-367399

**Deadlines / Routing**
- Ημ/νία υποβολής ΡΑΕ: 2022-06-22
- Προθεσμία υποβολής ΑΕΠΟ: NaT

**Περιβαλλοντικό – Υποβολές**
- (κενό)","ΕΧΕΙ ΓΙΝΕΙ ΠΑΥΣΗ ΣΤΗΝ ΡΑΑΕΥ ΛΟΓΩ ΛΗΞΗΣ ΠΡΟΘΕΣΜΙΑΣ (ΕΙΧΕ ΠΑΡΕΛΘΕΙ ΤΟ 6ΜΗΝΟ), ΛΟΓΩ ΑΡΧΙΚΗΣ ΑΡΝΗΤΙΚΗΣ ΓΝΩΜΟΔΟΤΗΣΗΣ ΕΦΑ",,"ΧΑΡΤΕΣ ΓΥΣ: ΝΑΙ;ΤΟΠΟΓΡΑΦΗΣΗ ME DRONE: ΟΚ;ΜΕΛΕΤΗ ΟΔΟΠΟΙΙΑΣ;ΘΕΩΡΗΣΗ ΔΙΚΤΥΟΥ;ΚΑΘΟΡΙΣΜΟΣ ΓΡΑΜΜΩΝ ΠΛΥΜΜΗΡΑΣ;ΥΔΡΑΥΛΙΚΗ ΜΕΛΕΤΗ;ΔΙΚΤΥΑ (ΓΟΕΒ.ΤΟΕΒ, ΦΥΣ ΑΕΡΙΟΥ, ΚΑΥΣΙΜΩΝ, ΔΟΥΛΕΙΕΣ)","ΔΑΣΑΡΧΕΙΟ: Επικοινωνία με κο Τουρνά, 264115_5/06                              280227_14/06/2024  τελευταία επικοινωνία 9/10 δε θα καθυστερήσουν οι γνωμοδοτήσεις,. Λάβαμε απάντηση σύμφωνα με την οποία πρέπει να γίνει αίτημα σε Κτηματική υπηρεσία ενδεχομένως υπηρεσιακα από το δασαρχείο Κοζάνη. Έλεγχος εδαφίου 3 της αποφασης   /ΕΠΙΚΟΙΝΩΝΙΑ κ. Δουκλιά με κ. Βαρκεντζή Κτηματική υπηρεσία και συμφωνήθηκε να γίνει το αίτημα από μέρους μας και από τη στιγμή που προκειται για εκτάσεις Δημοσίου η απάντηση να αποσταλεί απευθείας στο Δασαρχείο.;Δ/ΝΣΗ ΔΑΣΩΝ;ΕΠΙΤΡΟΠΗ ΔΑΣΟΛΟΓΙΟΥ: Αριθ.Πρωτ.ΠΕ ΔΑΣ:77/07/09/2022                93/17-11-2022 Χρέωση κος Τσίμπλινας;Δ/ΝΣΗ ΣΥΝΤΟΝΙΣΜΟΥ;Δ/ΝΣΗ ΕΓΓΕΙΩΝ ΒΕΛΤΙΩΣΕΩΝ;ΔΑΟΚ: 180174/16-11-2022  κος Μπατζιάνης;ΕΦΑ: 15695_15/01/2024                       126567_10/04/2024 (εφορεία παλαιοανθρωπολογίας)           124633_1/05/2024 (ΕΦΑ ΚΟΖΑΝΗΣ);ΥΠΑ: 28433_17/11/2022                   κος Ξύδας,                              3522 ΘΕΤΙΚΗ ΓΝΩΜΟΔΟΤΗΣΗ;ΓΕΕΘΑ: 3237_16/11/2022              (Κ. ΚΑΙΜΑΞΗΣ)                                   επικοινωνία 17/01/2024 ΔΕΝ ΑΠΆΝΤΗΣΕ;ΥΔΟΜ: 3362_13/10/2022;ΕΟΤ: ΔΜ/1188/15-11-2022 κα Λιαποπούλου;ΠΠΧ: ΑΠΑΙΤΕΙΤΑΙ;ΠΟΛΙΤΙΚΗ ΓΗ;ΕΝΜ: Αρ. Πρωτ. 445601 ΥΠΠΟΑ28/6.09.2022               103539_11/03/2024;ΕΟΑ: ΔΑ-ΕΝΤΟΣ ΚΑΖ   Κ168"
PVK2229-01_13N-22p29_ΣΕΡΒΙΩΝ-ΒΕΛΒΕΝΤΟΥ-ΚΟΖΑΝΗ,SSL1_CLUSTER 2 - ΚΟΖΑΝΗ,,,,,"**Ταυτότητα**
- ID: 13N
- Cluster: 2
- Θέση: ΚΑΣΤΑΝΙΑ
- Δήμος: ΣΕΡΒΙΩΝ-ΒΕΛΒΕΝΤΟΥ | Π.Ε.: ΚΟΖΑΝΗ | Περιφέρεια: ΔΥΤΙΚΗΣ ΜΑΚΕΔΟΝΙΑΣ
- Κάτοχος άδειας: SAISON SOLAIRE 1

**Ισχύς & Γη**
- Αρχική ισχύς (MWp): 28.006
- Τρέχουσα ισχύς (MWp): 22.287
- Ισχύς στα ΣΑΗΕ (MW): 35.2
- Τελική έκταση (τ.μ.): 895097.59
- Απόσταση όδευσης καλωδίων (km): 14.228
- Σύνδεση στο δίκτυο: ΝΈΟ ΚΥΤ ΜΕΤΑΞΑ
- Αποθήκευση: Εγγυημένη (MWh): 56.012 | Μέγιστη εγκατ. (MWh): 110 | Μέγιστη ωφέλιμη (MWh): 99

**Constraints**
- Natura: ΟΧΙ
- Ρέματα (#): 14 | Μήκος (km): 5.41

**Ρυθμιστικά / Άδειες**
- ΑΓ-: Γ-014207 | ΑΜ-ΡΑΕ: ΑΔ-010193
- Εφάπαξ τέλος ΡΑΕ: 61512
- Βεβ. Παραγωγού: ΑΔΑ: ΩΔ0ΖΙΔΞ-ΣΟΛ
- Αδ. Παραγωγής: 005193/2022
- Τροποποίηση Βεβαίωσης Παραγωγού (11A/11B): O-110636

**Deadlines / Routing**
- Ημ/νία υποβολής ΡΑΕ: 2022-06-23
- Προθεσμία υποβολής ΑΕΠΟ: NaT

**Περιβαλλοντικό – Υποβολές**
- (κενό)","ΒΓΗΚΕ Η ΑΕΠΟ 54293/28/11/2025. ΘΑ ΚΑΤΑΤΕΘΕΙ ΑΙΤΗΜΑ ΣΤΗΝ ΡΑΑΕΥ ΓΙΑ ΜΕΙΩΣΗ ΙΣΧΥΟΣ ΦΒ ΚΑΙ ΣΑΗΕ. ΚΑΤΟΠΙΝ,  ΑΝΑΜΕΝΕΤΑΙ ΚΑΤΑΘΕΣΗ ΜΕΛΕΤΗΣ ΤΡΟΠΟΠΟΙΗΣΗΣ ΣΑΝ Α1 (ΥΠΕΝ) ΤΟΝ ΦΕΒΡΟΥΑΡΙΟ 2026.",,"ΧΑΡΤΕΣ ΓΥΣ: ΝΑΙ;ΤΟΠΟΓΡΑΦΗΣΗ ME DRONE: ΟΚ;ΜΕΛΕΤΗ ΟΔΟΠΟΙΙΑΣ;ΘΕΩΡΗΣΗ ΔΙΚΤΥΟΥ;ΚΑΘΟΡΙΣΜΟΣ ΓΡΑΜΜΩΝ ΠΛΥΜΜΗΡΑΣ;ΥΔΡΑΥΛΙΚΗ ΜΕΛΕΤΗ;ΔΙΚΤΥΑ (ΓΟΕΒ.ΤΟΕΒ, ΦΥΣ ΑΕΡΙΟΥ, ΚΑΥΣΙΜΩΝ, ΔΟΥΛΕΙΕΣ)","ΔΑΣΑΡΧΕΙΟ: Επικοινωνία με κο Τουρνά, 264115_5/06                              280227_14/06/2024  τελευταία επικοινωνία 9/10 δε θα καθυστερήσουν οι γνωμοδοτήσεις,. Λάβαμε απάντηση σύμφωνα με την οποία πρέπει να γίνει αίτημα σε Κτηματική υπηρεσία ενδεχομένως υπηρεσιακα από το δασαρχείο Κοζάνη. Έλεγχος εδαφίου 3 της αποφασης   /ΕΠΙΚΟΙΝΩΝΙΑ κ. Δουκλιά με κ. Βαρκεντζή Κτηματική υπηρεσία και συμφωνήθηκε να γίνει το αίτημα από μέρους μας και από τη στιγμή που προκειται για εκτάσεις Δημοσίου η απάντηση να αποσταλεί απευθείας στο Δασαρχείο.Πηραμε απάντηση από κτηματική υπηρεσία και από δασαρχέιο ότι είμαστε οκ  με 98494/12/08/24;Δ/ΝΣΗ ΔΑΣΩΝ: 38327/30-01-2025 ΓΝΩΜΟΔΟΤΗΣΗ ΕΠΙ ΤΗΣ ΜΠΕ;ΕΠΙΤΡΟΠΗ ΔΑΣΟΛΟΓΙΟΥ: Αριθ.Πρωτ.ΠΕ ΔΑΣ:77/07/09/2022                94/17-11-2022    ( κος Τσίμπλινας)ΕΠΙΚΟΙΝΩΝΙΑ                           28/06/2023 , 45_17/07/2023;Δ/ΝΣΗ ΣΥΝΤΟΝΙΣΜΟΥ: 69246/20/02/2025;Δ/ΝΣΗ ΕΓΓΕΙΩΝ ΒΕΛΤΙΩΣΕΩΝ: 16724_7/03/2024 (116917 28-08/24 )ΕΚΤΟΣ ΚΥΡΩΜΕΝΩΝ ΔΑΣΙΚΩΝ ΔΙΑΓΡΑΜΜΑΤΩΝ;ΔΑΟΚ: 180293/16-11-2022  κος Μπατζιάνης;ΕΦΑ: Αρ. Πρωτ. 452462/ 10.09.2022                 ( κα. Κλημάντου)                 452462_4/07/2023;ΥΠΑ: Κ.Γ.Δ3_3551_20/02/2023΄(χρέωση κος Ξύδας);ΓΕΕΘΑ: 3232_16/11/2022               (Κ. ΚΑΙΜΑΞΗΣ)                                   Φ.114.1/1770/292518_2/10/2023;ΥΔΟΜ: 3358_25/10/2022;ΕΟΤ: ΔΜ/0919_19/07/2023;ΠΠΧ: ΑΠΑΙΤΕΙΤΑΙ;ΠΟΛΙΤΙΚΗ ΓΗ: 16724_7/03/2024 χρ.κος Τσιρέκας τελευταία επικοινωνία 9/10 δεν απάντησε. Λάβαμε απάντηση 16/08/204 ΑΠ 16724 και αναμένεται ο έλεγχος των κληροτεμαχιων 529, 530 ΔΕΝ ΕΊΝΑΙ ΔΙΑΘΕΣΙΜΑ ΠΡΟΣ ΕΚΜΙΣΘΩΣΗ .;ΕΝΜ: Αρ. Πρωτ. 445601 ΥΠΠΟΑ28/6.09.2022;ΕΟΑ: ΔΑ-ΣΤΑ ΟΡΙΑ ΚΑΖ   Κ168"
PVK0804-01_1N1-8p04_ΟΡΧΟΜΕΝΟΥ-ΒΟΙΩΤΙΑΣ,SSL1_CLUSTER 4 - ΦΘΙΩΤΙΔΑ,,,,,"**Ταυτότητα**
- ID: 1N1
- Cluster: 4
- Θέση: ΚΟΥΤΣΟΥΡΟ Α+Β
- Δήμος: ΟΡΧΟΜΕΝΟΥ | Π.Ε.: ΒΟΙΩΤΙΑΣ | Περιφέρεια: ΣΤΕΡΕΑΣ ΕΛΛΑΔΑΣ
- Κάτοχος άδειας: SAISON SOLAIRE 1

**Ισχύς & Γη**
- Αρχική ισχύς (MWp): 8.04
- Τρέχουσα ισχύς (MWp): 8.04
- Ισχύς στα ΣΑΗΕ (MW): 9.6
- Τελική έκταση (τ.μ.): 310424
- Απόσταση όδευσης καλωδίων (km): 20.236
- Σύνδεση στο δίκτυο: ΝΈΟ Υ/Σ ΤΡΑΓΑΝΑ
- Αποθήκευση: Μέγιστη εγκατ. (MWh): 30 | Μέγιστη ωφέλιμη (MWh): 27

**Constraints**
- Natura: ΟΧΙ
- Ρέματα (#): 1 | Μήκος (km): 1.1

**Ρυθμιστικά / Άδειες**
- ΑΓ-: Γ-014089 | ΑΜ-ΡΑΕ: ΑΔ-010198
- Εφάπαξ τέλος ΡΑΕ: 20600
- Βεβ. Παραγωγού: ΑΔΑ: 94ΣΙΙΔΞ-6Ν4
- Αδ. Παραγωγής: 005198/2022
- Τροποποίηση Βεβαίωσης Παραγωγού (11A/11B): Ι-361587

**Deadlines / Routing**
- Ημ/νία υποβολής ΡΑΕ: 2022-06-22
- Περιβαλλοντική αδειοδότηση (ΠΠΔ/ΑΕΠΟ): ΑΕΠΟ 17738/9-04-2025
- Προθεσμία υποβολής ΑΕΠΟ: 2023-05-16

**Περιβαλλοντικό – Υποβολές**
- Κατάθεση ΜΠΕ (Αρ. Πρωτ / Ημ. έκδοσης): ΕΓΙΝΕ ΝΈΟ ΑΙΤΗΜΑ ΜΕ ΣΥΣΤΗΜΑ ΣΑΗΕ 11/09/2024 ΠΕΤ 2407014824 ΑΕΠΟ 17738/9-04-2025",ΑΕΠΟ 17738/9-04-2025,,"ΧΑΡΤΕΣ ΓΥΣ: ΝΑΙ;ΤΟΠΟΓΡΑΦΗΣΗ ME DRONE: ΟΚ;ΜΕΛΕΤΗ ΟΔΟΠΟΙΙΑΣ: ΔΑ;ΘΕΩΡΗΣΗ ΔΙΚΤΥΟΥ;ΚΑΘΟΡΙΣΜΟΣ ΓΡΑΜΜΩΝ ΠΛΥΜΜΗΡΑΣ: ΟΚ;ΥΔΡΑΥΛΙΚΗ ΜΕΛΕΤΗ: ΟΚ;ΔΙΚΤΥΑ (ΓΟΕΒ.ΤΟΕΒ, ΦΥΣ ΑΕΡΙΟΥ, ΚΑΥΣΙΜΩΝ, ΔΟΥΛΕΙΕΣ)",ΔΑΣΑΡΧΕΙΟ: ΑΡ. ΠΡΩΤ. 55634/11-02-2025 ΓΝΩΜΟΔΟΤΗΣΕ ΘΕΤΙΚΑ ΤΟ ΔΑΣΑΡΧΕΙΟ ΛΙΒΑΔΕΙΑΣ;Δ/ΝΣΗ ΔΑΣΩΝ: ΔΕΝ ΑΠΑΙΤΕΙΤΑΙ;ΕΠΙΤΡΟΠΗ ΔΑΣΟΛΟΓΙΟΥ: 61_28/12/2022 ΘΕΤΙΚΗ ΓΝΩΜΟΔΟΠΤΗΣΗ(μη δασικού χαρακτήρα εκτάσεις(ΑΑ).);Δ/ΝΣΗ ΣΥΝΤΟΝΙΣΜΟΥ: 135044/8-04-2025;Δ/ΝΣΗ ΕΓΓΕΙΩΝ ΒΕΛΤΙΩΣΕΩΝ;ΔΑΟΚ: 219761/01-10-2024/;ΕΦΑ: ΑΡ. ΠΡΩΤ. 464766/22.01.24 κα Οικονόμου;ΥΠΑ: Κ.Γ.Δ3_28853_23/11/2022 χρέωση κος Ξύδας;ΓΕΕΘΑ: Φ.114.1/1362/372244/Σ.5843/31-10-2024;ΥΔΟΜ: 1927_9/12/2022;ΕΟΤ: 12-4-2023                  1560/22;ΠΠΧ: ??;ΠΟΛΙΤΙΚΗ ΓΗ: 9128_26/08/2024 δεν αφορούν δημόσιες εποικιστικές εκτάσεις;ΕΝΜ: 420462/27-09-2024;ΕΟΑ: ΠΙΘΑΝΟΝ ΑΠΑΙΤΕΙΤΑΙ 900μ απόσταση από ΕΖΔ GR2410001 (ΜΕΤΡΗΣΕΙΣ ΠΕΔΙΟΥ ΜΑΡΤΙΟΣ-ΑΠΡΙΛΙΟΣ)
PVK0804-02_1N3-8p04_ΛΟΚΡΩΝ-ΦΘΙΩΤΙΔΟΣ,SSL1_CLUSTER 4 - ΦΘΙΩΤΙΔΑ,,,,,"**Ταυτότητα**
- ID: 1N3
- Cluster: 4
- Θέση: ΛΑΚΑΤΦΕΡΙΑ
- Δήμος: ΛΟΚΡΩΝ | Π.Ε.: ΦΘΙΩΤΙΔΟΣ | Περιφέρεια: ΣΤΕΡΕΑΣ ΕΛΛΑΔΑΣ
- Κάτοχος άδειας: SAISON SOLAIRE 1

**Ισχύς & Γη**
- Αρχική ισχύς (MWp): 8.04
- Τρέχουσα ισχύς (MWp): 8.04
- Ισχύς στα ΣΑΗΕ (MW): 9.6
- Τελική έκταση (τ.μ.): 304312.12
- Απόσταση όδευσης καλωδίων (km): 11.773
- Σύνδεση στο δίκτυο: ΝΈΟ Υ/Σ ΤΡΑΓΑΝΑ
- Αποθήκευση: Μέγιστη εγκατ. (MWh): 30 | Μέγιστη ωφέλιμη (MWh): 27

**Constraints**
- Natura: ΟΧΙ
- Ρέματα (#): 0 | Μήκος (km): 0

**Ρυθμιστικά / Άδειες**
- ΑΓ-: Γ-014147 | ΑΜ-ΡΑΕ: ΑΔ-010203
- Εφάπαξ τέλος ΡΑΕ: 20600
- Βεβ. Παραγωγού: ΑΔΑ 9493ΙΔΞ-520
- Αδ. Παραγωγής: 005203/2022
- Τροποποίηση Βεβαίωσης Παραγωγού (11A/11B): Ι-361590

**Deadlines / Routing**
- Ημ/νία υποβολής ΡΑΕ: 2022-06-22
- Προθεσμία υποβολής ΑΕΠΟ: 2023-05-16

**Περιβαλλοντικό – Υποβολές**
- Αποστολή ενημερωτικού προς ΡΑΕ για κατάθεση ΜΠΕ: I-350421 15/05/2023
- Κατάθεση ΜΠΕ (Αρ. Πρωτ / Ημ. έκδοσης): 2305949824_12/05/2023 ΧΡΕΩΣΗ: ΚΟΣ ΠΑΠΑΓΙΑΝΝΟΠΟΥΛΟΣ                                       ΠΕΧΩΠ ΦΘΙΩΤΙΔΑΣ ( 133595.3_14/06/2024_ΘΕΤΙΚΉ ΓΝΩΜΟΔΌΤΗΣΗ(ΕΚΔΟΘΗΚΕ ΑΕΠΟ ΓΙΑ ΑΑ) ΘΑ ΓΙΝΕΙ ΕΠΑΝΑΚΑΤΑΘΕΣΗ ΣΑΗΕ ΕΩΣ 19/11/2024)",ΣΥΜΦΩΝΑ ΜΕ ΤΙΣ ΝΕΕΣ ΧΩΡΟΘΕΤΣΗΕΙΣ ΜΕ ΕΞΑΙΡΕΣΗ ΤΩΝ ΔΑ ΤΟ ΕΡΓΟ ΔΕΝ ΜΠΟΡΕΙ ΝΑ ΧΩΡΟΘΕΤΗΘΕΙ ΟΠΟΤΕ ΣΤΗΝ ΤΡΟΠΟΙΗΣΗ ΤΗΣ ΜΠΕ ΘΑ ΓΙΝΕΙ ΑΝΑΦΟΡΑ ΣΕ ΑΥΤΌ ΧΩΡΙΣ ΝΑ ΚΑΤΑΦΥΓΟΥΜΕ ΣΕ ΜΕΙΩΣΕΙΣ ΠΟΛΥΓΩΝΟΥ - ΑΕΠΟ ΒΓΑΙΝΕΙ ΕΚΤΟΣ ΤΟ ΕΡΓΟ  ΛΑΚΑΦΤΕΡΙΑ ΓΙΑΤΙ ΔΕΝ ΜΠΟΡΟΥΜΕΝΑ ΧΩΡΟΘΕΤΗΣΟΥΜΕ,,"ΧΑΡΤΕΣ ΓΥΣ: ΝΑΙ;ΤΟΠΟΓΡΑΦΗΣΗ ME DRONE: ΟΚ;ΜΕΛΕΤΗ ΟΔΟΠΟΙΙΑΣ: Νέα μελέτη 1χλμ μήκους         υπάρχει υφιστάμενος χωματόδρομος που τα ενώνει που ίσως χρειάζεται βελτίωση;ΘΕΩΡΗΣΗ ΔΙΚΤΥΟΥ;ΚΑΘΟΡΙΣΜΟΣ ΓΡΑΜΜΩΝ ΠΛΥΜΜΗΡΑΣ;ΥΔΡΑΥΛΙΚΗ ΜΕΛΕΤΗ;ΔΙΚΤΥΑ (ΓΟΕΒ.ΤΟΕΒ, ΦΥΣ ΑΕΡΙΟΥ, ΚΑΥΣΙΜΩΝ, ΔΟΥΛΕΙΕΣ)","ΔΑΣΑΡΧΕΙΟ: (Κα. ΣΟΥΛΤΑΝΟΠΟΥΛΟΥ) 342887_23-07-2024 δεν δύναται να γνωμοδοτήσει επι της ΜΠΕ/ΓΝΩΜΟΔΟΤΗΣΕ ΘΕΤΙΚΑ ΓΙΑ ΤΑ ΑΑ;Δ/ΝΣΗ ΔΑΣΩΝ: ( ΘΕΤΙΚΗ ΓΝΩΜΟΔΟΤΗΣΗ ΓΙΑ ΤΑ ΑΑ./443824/18-09-2024 ΔΙΕΥΘΥΝΣΗ ΔΑΣΩΝ);ΕΠΙΤΡΟΠΗ ΔΑΣΟΛΟΓΙΟΥ: 78_27/09/2022    (κος Παλαιογιάννης)                           18/2024_η έκταση χαρακτηρίζεται ως δάσος και δασική( ΘΕΤΙΚΗ ΓΝΩΜΟΔΟΤΗΣΗ ΓΙΑ ΤΑ ΑΑ);Δ/ΝΣΗ ΣΥΝΤΟΝΙΣΜΟΥ;Δ/ΝΣΗ ΕΓΓΕΙΩΝ ΒΕΛΤΙΩΣΕΩΝ;ΔΑΟΚ: 257999/15-11-2022;ΕΦΑ: Αρ. Πρωτ. 453881/22-9-2022 κα Παπαγεωργίου)                       453881_1/03/2023;ΥΠΑ: Κ.Γ.Δ3_3532_20/02/2023 χρέωση κος Ξύδας;ΓΕΕΘΑ: 3221_16/11/2022               (Κ. ΚΑΙΜΑΞΗΣ)                                   Φ.114.1/1833/293526_9/10/2023;ΥΔΟΜ: 790_4/01/2023    κος Φίλιπας;ΕΟΤ: 12-4-2023                      1559/22;ΠΠΧ: ΔΑ;ΠΟΛΙΤΙΚΗ ΓΗ: Ο-2521_25/01/2024 χρ. Κος Παλιούρας τελευταία επικοινωνία  18/12/2024 για την  πορεία του αιτήματος.Θα μας αποσταλεί η απάντηση έως 30/12/2024;ΕΝΜ: Αρ. Πρωτ. 449720/11-11-2022;ΕΟΑ: ΠΕΤ, ΑΡ.ΠΡΩΤ: 147663_6/11/2023                                    ΔΑ"
PVK1005-01_1N4-10p05_ΛΟΚΡΩΝ-ΦΘΙΩΤΙΔΟΣ,SSL1_CLUSTER 4 - ΦΘΙΩΤΙΔΑ,,,,,"**Ταυτότητα**
- ID: 1N4
- Cluster: 4
- Θέση: ΒΕΛΑΝΙΔΙΑ
- Δήμος: ΛΟΚΡΩΝ | Π.Ε.: ΦΘΙΩΤΙΔΟΣ | Περιφέρεια: ΣΤΕΡΕΑΣ ΕΛΛΑΔΑΣ
- Κάτοχος άδειας: SAISON SOLAIRE 1

**Ισχύς & Γη**
- Αρχική ισχύς (MWp): 10.05
- Τρέχουσα ισχύς (MWp): 10.05
- Ισχύς στα ΣΑΗΕ (MW): 12.8
- Τελική έκταση (τ.μ.): 391413.13
- Απόσταση όδευσης καλωδίων (km): 12.638
- Σύνδεση στο δίκτυο: ΝΈΟ Υ/Σ ΤΡΑΓΑΝΑ
- Αποθήκευση: Μέγιστη εγκατ. (MWh): 40 | Μέγιστη ωφέλιμη (MWh): 36

**Constraints**
- Natura: ΟΧΙ
- Ρέματα (#): 0 | Μήκος (km): 0

**Ρυθμιστικά / Άδειες**
- ΑΓ-: Γ-014148 | ΑΜ-ΡΑΕ: ΑΔ-010433
- Εφάπαξ τέλος ΡΑΕ: 25600
- Βεβ. Παραγωγού: ΑΔΑ: 6ΞΑ4ΙΔΞ-ΖΚΟ
- Αδ. Παραγωγής: 005433/2022
- Τροποποίηση Βεβαίωσης Παραγωγού (11A/11B): Ι-361661

**Deadlines / Routing**
- Ημ/νία υποβολής ΡΑΕ: 2022-06-22
- Προθεσμία υποβολής ΑΕΠΟ: 2023-06-07
- ΑΔΜΗΕ/ΔΕΔΔΗΕ ΟΠΣ: 12/05/2025-2144 ΑΙΤΗΜΑ ΟΠΣ ΣΕ ΑΔΜΗΕ

**Περιβαλλοντικό – Υποβολές**
- (κενό)",ΑΕΠΟ,,"ΧΑΡΤΕΣ ΓΥΣ: ΝΑΙ;ΤΟΠΟΓΡΑΦΗΣΗ ME DRONE: ΟΚ;ΜΕΛΕΤΗ ΟΔΟΠΟΙΙΑΣ: ΔΑ;ΘΕΩΡΗΣΗ ΔΙΚΤΥΟΥ;ΚΑΘΟΡΙΣΜΟΣ ΓΡΑΜΜΩΝ ΠΛΥΜΜΗΡΑΣ;ΥΔΡΑΥΛΙΚΗ ΜΕΛΕΤΗ;ΔΙΚΤΥΑ (ΓΟΕΒ.ΤΟΕΒ, ΦΥΣ ΑΕΡΙΟΥ, ΚΑΥΣΙΜΩΝ, ΔΟΥΛΕΙΕΣ)","ΔΑΣΑΡΧΕΙΟ: (Κα. ΣΟΥΛΤΑΝΟΠΟΥΛΟΥ) 342887_23-07-2024 δεν δύναται να γνωμοδοτήσει επι της ΜΠΕ/ΓΝΩΜΟΔΟΤΗΣΕ ΘΕΤΙΚΑ ΓΙΑ ΤΑ ΑΑ;Δ/ΝΣΗ ΔΑΣΩΝ: ( ΘΕΤΙΚΗ ΓΝΩΜΟΔΟΤΗΣΗ ΓΙΑ ΤΑ ΑΑ./443824/18-09-2024 ΔΙΕΥΘΥΝΣΗ ΔΑΣΩΝ);ΕΠΙΤΡΟΠΗ ΔΑΣΟΛΟΓΙΟΥ: 87_27/09/2022   (κος Παλαιογιάννης)  χαρακτηρίζεται ως ΔΔ, και ΔΑ( ΘΕΤΙΚΗ ΓΝΩΜΟΔΟΤΗΣΗ ΓΙΑ ΤΑ ΑΑ;Δ/ΝΣΗ ΣΥΝΤΟΝΙΣΜΟΥ;Δ/ΝΣΗ ΕΓΓΕΙΩΝ ΒΕΛΤΙΩΣΕΩΝ;ΔΑΟΚ: 122940_16-09-2022                                                      258026/15-11-2022;ΕΦΑ: Αρ. Πρωτ. 453983/22-9-2022 κα Παπαγεωργίου ,                                                   453983_ΘΕΤΙΚΗ ΓΝΩΜΟΔΟΤΗΣΗ;ΥΠΑ: Κ.Γ.Δ3_3548_20/02/2023 χρέωση κος Ξύδας;ΓΕΕΘΑ: 3236_16/11/2022                 (Κ. ΚΑΙΜΑΞΗΣ)                                   Φ.114.1/1833/293526_9/10/2023;ΥΔΟΜ: 789_4/01/2023  κος Φίλιπας;ΕΟΤ: 12-4-2023             1555/22;ΠΠΧ: ΔΑ;ΠΟΛΙΤΙΚΗ ΓΗ: Ο-2521_25/01/2024 χρ. Κος Παλιούρας τελευταία επικοινωνία  18/12/2024 για την  πορεία του αιτήματος.Θα μας αποσταλεί η απάντηση έως 30/12/2024;ΕΝΜ: Αρ. Πρωτ. 449698/11-11-2022;ΕΟΑ: ΠΕΤ, ΑΡ.ΠΡΩΤ: 147663_6/11/2023                       ΔΑ"
PVK0683-01_1N5-6p83_ΛΟΚΡΩΝ-ΦΘΙΩΤΙΔΟΣ,SSL1_CLUSTER 4 - ΦΘΙΩΤΙΔΑ,,,,,"**Ταυτότητα**
- ID: 1N5
- Cluster: 4
- Θέση: ΠΡΑΤΗΡΙΟ
- Δήμος: ΛΟΚΡΩΝ | Π.Ε.: ΦΘΙΩΤΙΔΟΣ | Περιφέρεια: ΣΤΕΡΕΑΣ ΕΛΛΑΔΑΣ
- Κάτοχος άδειας: SAISON SOLAIRE 1

**Ισχύς & Γη**
- Αρχική ισχύς (MWp): 8.509
- Τρέχουσα ισχύς (MWp): 6.834
- Ισχύς στα ΣΑΗΕ (MW): 12.8
- Τελική έκταση (τ.μ.): 202222.73
- Απόσταση όδευσης καλωδίων (km): 11.239
- Σύνδεση στο δίκτυο: ΝΈΟ Υ/Σ ΤΡΑΓΑΝΑ
- Αποθήκευση: Μέγιστη εγκατ. (MWh): 40 | Μέγιστη ωφέλιμη (MWh): 36

**Constraints**
- Natura: ΟΧΙ
- Ρέματα (#): 3 | Μήκος (km): 1.8

**Ρυθμιστικά / Άδειες**
- ΑΓ-: Γ-014151 | ΑΜ-ΡΑΕ: ΑΔ-010206
- Εφάπαξ τέλος ΡΑΕ: 21772
- Βεβ. Παραγωγού: ΑΔΑ: 6ΟΤ9ΙΔΞ0-ΞΚΦ
- Αδ. Παραγωγής: 005206/2022
- Τροποποίηση Βεβαίωσης Παραγωγού (11A/11B): Ι-361665

**Deadlines / Routing**
- Ημ/νία υποβολής ΡΑΕ: 2022-06-22
- Προθεσμία υποβολής ΑΕΠΟ: 2023-05-16

**Περιβαλλοντικό – Υποβολές**
- (κενό)",ΑΕΠΟ,,"ΧΑΡΤΕΣ ΓΥΣ: ΝΑΙ;ΤΟΠΟΓΡΑΦΗΣΗ ME DRONE: ΟΚ;ΜΕΛΕΤΗ ΟΔΟΠΟΙΙΑΣ: ΔΑ;ΘΕΩΡΗΣΗ ΔΙΚΤΥΟΥ;ΚΑΘΟΡΙΣΜΟΣ ΓΡΑΜΜΩΝ ΠΛΥΜΜΗΡΑΣ;ΥΔΡΑΥΛΙΚΗ ΜΕΛΕΤΗ;ΔΙΚΤΥΑ (ΓΟΕΒ.ΤΟΕΒ, ΦΥΣ ΑΕΡΙΟΥ, ΚΑΥΣΙΜΩΝ, ΔΟΥΛΕΙΕΣ)","ΔΑΣΑΡΧΕΙΟ: (Κα. ΣΟΥΛΤΑΝΟΠΟΥΛΟΥ) 342887_23-07-2024 δεν δύναται να γνωμοδοτήσει επι της ΜΠΕ/ΓΝΩΜΟΔΟΤΗΣΕ ΘΕΤΙΚΑ ΓΙΑ ΤΑ ΑΑ;Δ/ΝΣΗ ΔΑΣΩΝ: ( ΘΕΤΙΚΗ ΓΝΩΜΟΔΟΤΗΣΗ ΓΙΑ ΤΑ ΑΑ./443824/18-09-2024 ΔΙΕΥΘΥΝΣΗ ΔΑΣΩΝ);ΕΠΙΤΡΟΠΗ ΔΑΣΟΛΟΓΙΟΥ: 81_27/09/2022   (κος Παλαιογιάννης) χαρακτηρίζεται ως ΑΑ και ΔΑ( ΘΕΤΙΚΗ ΓΝΩΜΟΔΟΤΗΣΗ ΓΙΑ ΤΑ ΑΑ;Δ/ΝΣΗ ΣΥΝΤΟΝΙΣΜΟΥ;Δ/ΝΣΗ ΕΓΓΕΙΩΝ ΒΕΛΤΙΩΣΕΩΝ;ΔΑΟΚ: 258012/15-11-2022;ΕΦΑ: Αρ. Πρωτ. 454036/22-9-2022  (κα Παπαγεωργίου)          22013_18/01/2024;ΥΠΑ: Κ.Γ.Δ3_3523_20-02-2023 χρέωση κος Ξύδας;ΓΕΕΘΑ: 3226_16/11/2022              (Κ. ΚΑΙΜΑΞΗΣ)                                   Φ.114.1/1833/293526_9/10/2023;ΥΔΟΜ: 788_4/01/2023 κος Φίλιπας;ΕΟΤ: 12-4-2023                   1553/22;ΠΠΧ: ΔΑ;ΠΟΛΙΤΙΚΗ ΓΗ: Ο-2521_25/01/2024 χρ. Κος Παλιούρας τελευταία επικοινωνία  18/12/2024 για την  πορεία του αιτήματος.Θα μας αποσταλεί η απάντηση έως 30/12/2024;ΕΝΜ: Αρ. Πρωτ. 449678/20-9-2022;ΕΟΑ: ΠΕΤ, ΑΡ.ΠΡΩΤ: 147663_6/11/2023                      ΔΑ"
PVK1005-02_1N6-10p05_ΛΟΚΡΩΝ-ΦΘΙΩΤΙΔΟΣ,SSL1_CLUSTER 4 - ΦΘΙΩΤΙΔΑ,,,,,"**Ταυτότητα**
- ID: 1N6
- Cluster: 4
- Θέση: ΤΡΙΑΝΤΑΦΥΛΛΙΑ
- Δήμος: ΛΟΚΡΩΝ | Π.Ε.: ΦΘΙΩΤΙΔΟΣ | Περιφέρεια: ΣΤΕΡΕΑΣ ΕΛΛΑΔΑΣ
- Κάτοχος άδειας: SAISON SOLAIRE 1

**Ισχύς & Γη**
- Αρχική ισχύς (MWp): 10.05
- Τρέχουσα ισχύς (MWp): 10.05
- Ισχύς στα ΣΑΗΕ (MW): 12.8
- Τελική έκταση (τ.μ.): 357290.26
- Απόσταση όδευσης καλωδίων (km): 10.967
- Σύνδεση στο δίκτυο: ΝΈΟ Υ/Σ ΤΡΑΓΑΝΑ
- Αποθήκευση: Μέγιστη εγκατ. (MWh): 40 | Μέγιστη ωφέλιμη (MWh): 36

**Constraints**
- Natura: ΟΧΙ
- Ρέματα (#): 3 | Μήκος (km): 3

**Ρυθμιστικά / Άδειες**
- ΑΓ-: Γ-014154 | ΑΜ-ΡΑΕ: ΑΔ-010191
- Εφάπαξ τέλος ΡΑΕ: 25600
- Βεβ. Παραγωγού: ΑΔΑ: ΨΜΗ7ΙΔΞ-492
- Αδ. Παραγωγής: 005191/2022
- Τροποποίηση Βεβαίωσης Παραγωγού (11A/11B): Ι-361743

**Deadlines / Routing**
- Ημ/νία υποβολής ΡΑΕ: 2022-06-22
- Προθεσμία υποβολής ΑΕΠΟ: 2023-05-16
- ΑΔΜΗΕ/ΔΕΔΔΗΕ ΟΠΣ: 12/05/2025-2147 ΑΙΤΗΜΑ ΟΠΣ ΣΕ ΑΔΜΗΕ

**Περιβαλλοντικό – Υποβολές**
- (κενό)",ΑΕΠΟ,,"ΧΑΡΤΕΣ ΓΥΣ: ΝΑΙ;ΤΟΠΟΓΡΑΦΗΣΗ ME DRONE: ΟΚ;ΜΕΛΕΤΗ ΟΔΟΠΟΙΙΑΣ: ΔΑ;ΘΕΩΡΗΣΗ ΔΙΚΤΥΟΥ;ΚΑΘΟΡΙΣΜΟΣ ΓΡΑΜΜΩΝ ΠΛΥΜΜΗΡΑΣ;ΥΔΡΑΥΛΙΚΗ ΜΕΛΕΤΗ;ΔΙΚΤΥΑ (ΓΟΕΒ.ΤΟΕΒ, ΦΥΣ ΑΕΡΙΟΥ, ΚΑΥΣΙΜΩΝ, ΔΟΥΛΕΙΕΣ)","ΔΑΣΑΡΧΕΙΟ: (Κα. ΣΟΥΛΤΑΝΟΠΟΥΛΟΥ) 342887_23-07-2024 δεν δύναται να γνωμοδοτήσει επι της ΜΠΕ/ΓΝΩΜΟΔΟΤΗΣΕ ΘΕΤΙΚΑ ΓΙΑ ΤΑ ΑΑ;Δ/ΝΣΗ ΔΑΣΩΝ: ( ΘΕΤΙΚΗ ΓΝΩΜΟΔΟΤΗΣΗ ΓΙΑ ΤΑ ΑΑ./443824/18-09-2024 ΔΙΕΥΘΥΝΣΗ ΔΑΣΩΝ);ΕΠΙΤΡΟΠΗ ΔΑΣΟΛΟΓΙΟΥ: 80_27/09/2022   (κος Παλαιογιάννης)  χαρακτηρίζεται ως ΑΑ και ΔΑ( ΘΕΤΙΚΗ ΓΝΩΜΟΔΟΤΗΣΗ ΓΙΑ ΤΑ ΑΑ;Δ/ΝΣΗ ΣΥΝΤΟΝΙΣΜΟΥ;Δ/ΝΣΗ ΕΓΓΕΙΩΝ ΒΕΛΤΙΩΣΕΩΝ;ΔΑΟΚ: 258018/15-11-2022;ΕΦΑ: 453481_14/02/2023 (κα Παπαγεωργίου);ΥΠΑ: Κ.Γ.Δ3_3526_20/02/2023 χρέωση κος Ξύδας;ΓΕΕΘΑ: 3224_16/11/2022             (Κ. ΚΑΙΜΑΞΗΣ)                                   Φ.114.1/1833/293526_9/10/2023;ΥΔΟΜ: 786_4/01/2023  κος Φίλιπας;ΕΟΤ: 12-4-2023                1554/22;ΠΠΧ: ΔΑ;ΠΟΛΙΤΙΚΗ ΓΗ: Ο-2521_25/01/2024 χρ. Κος Παλιούρας τελευταία επικοινωνία  18/12/2024 για την  πορεία του αιτήματος.Θα μας αποσταλεί η απάντηση έως 30/12/2024;ΕΝΜ: Αρ. Πρωτ.449661 /11-11-2022;ΕΟΑ: ΠΕΤ, ΑΡ.ΠΡΩΤ: 147663_6/11/2023                           ΔΑ"
PVK1005-03_1N10-10p05_ΛΟΚΡΩΝ-ΦΘΙΩΤΙΔΟΣ,SSL1_CLUSTER 4 - ΦΘΙΩΤΙΔΑ,,,,,"**Ταυτότητα**
- ID: 1N10
- Cluster: 4
- Θέση: ΜΟΥΡΤΙΤΣΑ
- Δήμος: ΛΟΚΡΩΝ | Π.Ε.: ΦΘΙΩΤΙΔΟΣ | Περιφέρεια: ΣΤΕΡΕΑΣ ΕΛΛΑΔΑΣ
- Κάτοχος άδειας: SAISON SOLAIRE 1

**Ισχύς & Γη**
- Αρχική ισχύς (MWp): 10.05
- Τρέχουσα ισχύς (MWp): 10.05
- Ισχύς στα ΣΑΗΕ (MW): 12.8
- Τελική έκταση (τ.μ.): 294459.32
- Απόσταση όδευσης καλωδίων (km): 10.511
- Σύνδεση στο δίκτυο: ΝΈΟ Υ/Σ ΤΡΑΓΑΝΑ
- Αποθήκευση: Μέγιστη εγκατ. (MWh): 40 | Μέγιστη ωφέλιμη (MWh): 36

**Constraints**
- Natura: ΟΧΙ
- Ρέματα (#): 2 | Μήκος (km): 1.49

**Ρυθμιστικά / Άδειες**
- ΑΓ-: Γ-014159 | ΑΜ-ΡΑΕ: ΑΔ-010177
- Εφάπαξ τέλος ΡΑΕ: 25600
- Βεβ. Παραγωγού: ΑΔΑ: Ψ1ΒΛΙΔΞ-6ΥΘ              ΒΕΒ ΥΠΆΡΙΘΜΟΝ:
- Αδ. Παραγωγής: 005177/2022
- Τροποποίηση Βεβαίωσης Παραγωγού (11A/11B): Ι-361753

**Deadlines / Routing**
- Ημ/νία υποβολής ΡΑΕ: 2022-06-22
- Προθεσμία υποβολής ΑΕΠΟ: 2023-05-16
- ΑΔΜΗΕ/ΔΕΔΔΗΕ ΟΠΣ: 12/05/2025-2145 ΑΙΤΗΜΑ ΟΠΣ ΣΕ ΑΔΜΗΕ

**Περιβαλλοντικό – Υποβολές**
- (κενό)",ΑΕΠΟ,,"ΧΑΡΤΕΣ ΓΥΣ: ΝΑΙ;ΤΟΠΟΓΡΑΦΗΣΗ ME DRONE: ΟΚ;ΜΕΛΕΤΗ ΟΔΟΠΟΙΙΑΣ: ΔΑ;ΘΕΩΡΗΣΗ ΔΙΚΤΥΟΥ;ΚΑΘΟΡΙΣΜΟΣ ΓΡΑΜΜΩΝ ΠΛΥΜΜΗΡΑΣ;ΥΔΡΑΥΛΙΚΗ ΜΕΛΕΤΗ;ΔΙΚΤΥΑ (ΓΟΕΒ.ΤΟΕΒ, ΦΥΣ ΑΕΡΙΟΥ, ΚΑΥΣΙΜΩΝ, ΔΟΥΛΕΙΕΣ)","ΔΑΣΑΡΧΕΙΟ: (Κα. ΣΟΥΛΤΑΝΟΠΟΥΛΟΥ) 342887_23-07-2024 δεν δύναται να γνωμοδοτήσει επι της ΜΠΕ/ΓΝΩΜΟΔΟΤΗΣΕ ΘΕΤΙΚΑ ΓΙΑ ΤΑ ΑΑ;Δ/ΝΣΗ ΔΑΣΩΝ: ( ΘΕΤΙΚΗ ΓΝΩΜΟΔΟΤΗΣΗ ΓΙΑ ΤΑ ΑΑ./443824/18-09-2024 ΔΙΕΥΘΥΝΣΗ ΔΑΣΩΝ);ΕΠΙΤΡΟΠΗ ΔΑΣΟΛΟΓΙΟΥ: 79_27/09/2022   (κος Παλαιογιάννης)   χαρακτηρίζεται ως ΑΑ και ΔΑ( ΘΕΤΙΚΗ ΓΝΩΜΟΔΟΤΗΣΗ ΓΙΑ ΤΑ ΑΑ;Δ/ΝΣΗ ΣΥΝΤΟΝΙΣΜΟΥ;Δ/ΝΣΗ ΕΓΓΕΙΩΝ ΒΕΛΤΙΩΣΕΩΝ;ΔΑΟΚ: 257994/18-12-2022            ΓΠΣ ΖΟΕ ΣΧΟΟΑΠ;ΕΦΑ: 453771_14/02/2023  (κα Παπαγεωργίου);ΥΠΑ: Κ.Γ.Δ3_3535_20/02/2023 χρέωση κος Ξύδας;ΓΕΕΘΑ: 3223_16/11/2022   (Κ. ΚΑΙΜΑΞΗΣ)                                   Φ.114.1/1833/293526_9/10/2023;ΥΔΟΜ: 785_18/01/2023 κος Φίλιπας;ΕΟΤ: 12-4-2023               1551/22;ΠΠΧ: ΑΠΑΙΤΕΙΤΑΙ;ΠΟΛΙΤΙΚΗ ΓΗ: Ο-2521_25/01/2024 χρ. Κος Παλιούρας τελευταία επικοινωνία  18/12/2024 για την  πορεία του αιτήματος.Θα μας αποσταλεί η απάντηση έως 30/12/2024;ΕΝΜ: 449581/11-11-2022;ΕΟΑ: ΠΕΤ, ΑΡ.ΠΡΩΤ: 147663_6/11/2023                      ΔΑ"
PVK0302-01_1N11-3p02_ΛΟΚΡΩΝ-ΦΘΙΩΤΙΔΟΣ,SSL1_CLUSTER 4 - ΦΘΙΩΤΙΔΑ,,,,,"**Ταυτότητα**
- ID: 1N11
- Cluster: 4
- Θέση: ΠΟΥΡΙΑ
- Δήμος: ΛΟΚΡΩΝ | Π.Ε.: ΦΘΙΩΤΙΔΟΣ | Περιφέρεια: ΣΤΕΡΕΑΣ ΕΛΛΑΔΑΣ
- Κάτοχος άδειας: SAISON SOLAIRE 1

**Ισχύς & Γη**
- Αρχική ισχύς (MWp): 10.05
- Τρέχουσα ισχύς (MWp): 3.015
- Ισχύς στα ΣΑΗΕ (MW): 12.8
- Τελική έκταση (τ.μ.): 170080.13
- Απόσταση όδευσης καλωδίων (km): 9.776
- Σύνδεση στο δίκτυο: ΝΈΟ Υ/Σ ΤΡΑΓΑΝΑ
- Αποθήκευση: Μέγιστη εγκατ. (MWh): 40 | Μέγιστη ωφέλιμη (MWh): 36

**Constraints**
- Natura: ΟΧΙ
- Ρέματα (#): 1 | Μήκος (km): 0.9

**Ρυθμιστικά / Άδειες**
- ΑΓ-: Γ-014161 | ΑΜ-ΡΑΕ: ΑΔ-010432
- Εφάπαξ τέλος ΡΑΕ: 25600
- Βεβ. Παραγωγού: ΑΔΑ: 6Χ94ΙΔΞ-ΕΔΞ
- Αδ. Παραγωγής: 005432/2022
- Τροποποίηση Βεβαίωσης Παραγωγού (11A/11B): Ι-361855

**Deadlines / Routing**
- Ημ/νία υποβολής ΡΑΕ: 2022-06-22
- Προθεσμία υποβολής ΑΕΠΟ: 2023-06-07

**Περιβαλλοντικό – Υποβολές**
- (κενό)",ΑΕΠΟ,,"ΧΑΡΤΕΣ ΓΥΣ: ΝΑΙ;ΤΟΠΟΓΡΑΦΗΣΗ ME DRONE: ΟΚ;ΜΕΛΕΤΗ ΟΔΟΠΟΙΙΑΣ: ΔΑ;ΘΕΩΡΗΣΗ ΔΙΚΤΥΟΥ;ΚΑΘΟΡΙΣΜΟΣ ΓΡΑΜΜΩΝ ΠΛΥΜΜΗΡΑΣ;ΥΔΡΑΥΛΙΚΗ ΜΕΛΕΤΗ;ΔΙΚΤΥΑ (ΓΟΕΒ.ΤΟΕΒ, ΦΥΣ ΑΕΡΙΟΥ, ΚΑΥΣΙΜΩΝ, ΔΟΥΛΕΙΕΣ)","ΔΑΣΑΡΧΕΙΟ: (Κα. ΣΟΥΛΤΑΝΟΠΟΥΛΟΥ) 342887_23-07-2024 δεν δύναται να γνωμοδοτήσει επι της ΜΠΕ/ΓΝΩΜΟΔΟΤΗΣΕ ΘΕΤΙΚΑ ΓΙΑ ΤΑ ΑΑ;Δ/ΝΣΗ ΔΑΣΩΝ: ( ΘΕΤΙΚΗ ΓΝΩΜΟΔΟΤΗΣΗ ΓΙΑ ΤΑ ΑΑ./443824/18-09-2024 ΔΙΕΥΘΥΝΣΗ ΔΑΣΩΝ);ΕΠΙΤΡΟΠΗ ΔΑΣΟΛΟΓΙΟΥ: 77_27/09/2022      (κος Παλαιογιάννης)   χαρακτηρίζεται ως ΑΑ και ΔΑ( ΘΕΤΙΚΗ ΓΝΩΜΟΔΟΤΗΣΗ ΓΙΑ ΤΑ ΑΑ;Δ/ΝΣΗ ΣΥΝΤΟΝΙΣΜΟΥ;Δ/ΝΣΗ ΕΓΓΕΙΩΝ ΒΕΛΤΙΩΣΕΩΝ;ΔΑΟΚ: 257974/16-12-2022;ΕΦΑ: 453811_14/02/2023  (κα Παπαγεωργίου);ΥΠΑ: Κ.Γ.Δ3_3615_20/02/2023 χρεωση κος Ξύδας;ΓΕΕΘΑ: 3227_16/11/2022              (Κ. ΚΑΙΜΑΞΗΣ)                                   Φ.114.1/1833/293526_9/10/2023;ΥΔΟΜ: 783_4/01/2023 (ΠΕΠ - ΑΝ);ΕΟΤ: 12-4-2023               1550/22;ΠΠΧ: ΔΑ;ΠΟΛΙΤΙΚΗ ΓΗ: Ο-2521_25/01/2024 χρ. Κος Παλιούρας τελευταία επικοινωνία  18/12/2024 για την  πορεία του αιτήματος.Θα μας αποσταλεί η απάντηση έως 30/12/2024;ΕΝΜ: Αρ. Πρωτ. 449536/11-11-2022;ΕΟΑ: ΠΕΤ, ΑΡ.ΠΡΩΤ: 147663_6/11/2023                      ΔΑ"
PVK0786-01_1N12-7p86_ΛΟΚΡΩΝ-ΦΘΙΩΤΙΔΟΣ,SSL1_CLUSTER 4 - ΦΘΙΩΤΙΔΑ,,,,,"**Ταυτότητα**
- ID: 1N12
- Cluster: 4
- Θέση: ΑΛΗΘΕΙΑ
- Δήμος: ΛΟΚΡΩΝ | Π.Ε.: ΦΘΙΩΤΙΔΟΣ | Περιφέρεια: ΣΤΕΡΕΑΣ ΕΛΛΑΔΑΣ
- Κάτοχος άδειας: SAISON SOLAIRE 1

**Ισχύς & Γη**
- Αρχική ισχύς (MWp): 10.05
- Τρέχουσα ισχύς (MWp): 7.859
- Ισχύς στα ΣΑΗΕ (MW): 12.8
- Τελική έκταση (τ.μ.): 210453.47
- Απόσταση όδευσης καλωδίων (km): 10.967
- Σύνδεση στο δίκτυο: ΝΈΟ Υ/Σ ΤΡΑΓΑΝΑ
- Αποθήκευση: Μέγιστη εγκατ. (MWh): 40 | Μέγιστη ωφέλιμη (MWh): 36

**Constraints**
- Natura: ΟΧΙ
- Ρέματα (#): 3 | Μήκος (km): 3.5

**Ρυθμιστικά / Άδειες**
- ΑΓ-: Γ-014163 | ΑΜ-ΡΑΕ: ΑΔ-010181
- Εφάπαξ τέλος ΡΑΕ: 25600
- Βεβ. Παραγωγού: ΑΔΑ: 64ΖΙΙΔΞ-ΡΟΥ
- Αδ. Παραγωγής: 005181/2022
- Τροποποίηση Βεβαίωσης Παραγωγού (11A/11B): Ι-361853

**Deadlines / Routing**
- Ημ/νία υποβολής ΡΑΕ: 2022-06-22
- Προθεσμία υποβολής ΑΕΠΟ: 2023-05-16

**Περιβαλλοντικό – Υποβολές**
- (κενό)",ΑΕΠΟ,,"ΧΑΡΤΕΣ ΓΥΣ: ΝΑΙ;ΤΟΠΟΓΡΑΦΗΣΗ ME DRONE: ΟΚ;ΜΕΛΕΤΗ ΟΔΟΠΟΙΙΑΣ: ΔΑ;ΘΕΩΡΗΣΗ ΔΙΚΤΥΟΥ;ΚΑΘΟΡΙΣΜΟΣ ΓΡΑΜΜΩΝ ΠΛΥΜΜΗΡΑΣ;ΥΔΡΑΥΛΙΚΗ ΜΕΛΕΤΗ;ΔΙΚΤΥΑ (ΓΟΕΒ.ΤΟΕΒ, ΦΥΣ ΑΕΡΙΟΥ, ΚΑΥΣΙΜΩΝ, ΔΟΥΛΕΙΕΣ)","ΔΑΣΑΡΧΕΙΟ: (Κα. ΣΟΥΛΤΑΝΟΠΟΥΛΟΥ) 342887_23-07-2024 δεν δύναται να γνωμοδοτήσει επι της ΜΠΕ/ΓΝΩΜΟΔΟΤΗΣΕ ΘΕΤΙΚΑ ΓΙΑ ΤΑ ΑΑ;Δ/ΝΣΗ ΔΑΣΩΝ: ( ΘΕΤΙΚΗ ΓΝΩΜΟΔΟΤΗΣΗ ΓΙΑ ΤΑ ΑΑ./443824/18-09-2024 ΔΙΕΥΘΥΝΣΗ ΔΑΣΩΝ);ΕΠΙΤΡΟΠΗ ΔΑΣΟΛΟΓΙΟΥ: 86_27/09/2022   (κος Παλαιογιάννης) χαρακτηρίζεται ως ΑΑ και ΔΑ( ΘΕΤΙΚΗ ΓΝΩΜΟΔΟΤΗΣΗ ΓΙΑ ΤΑ ΑΑ;Δ/ΝΣΗ ΣΥΝΤΟΝΙΣΜΟΥ;Δ/ΝΣΗ ΕΓΓΕΙΩΝ ΒΕΛΤΙΩΣΕΩΝ;ΔΑΟΚ: 258049/15-11-2022;ΕΦΑ: 453422/22-9-2022     (κα Παπαγεωργίου);ΥΠΑ: Κ.Γ.Δ3_3542_20/02/2023 χρέωση κος Ξύδας;ΓΕΕΘΑ: 3220_16/11/2022 (Κ. ΚΑΙΜΑΞΗΣ)                                   Φ.114.1/1833/293526_9/10/2023;ΥΔΟΜ: 787_4/01/2023;ΕΟΤ: 12-4-2023                   1557/22;ΠΠΧ: ΑΠΑΙΤΕΙΤΑΙ;ΠΟΛΙΤΙΚΗ ΓΗ: Ο-2521_25/01/2024 χρ. Κος Παλιούρας τελευταία επικοινωνία  18/12/2024 για την  πορεία του αιτήματος.Θα μας αποσταλεί η απάντηση έως 30/12/2024;ΕΝΜ: 449490/11-11-2022;ΕΟΑ: ΠΕΤ, ΑΡ.ΠΡΩΤ: 147663_6/11/2023                          ΔΑ"
PVK0615-01_1N13-6p15_ΛΟΚΡΩΝ-ΦΘΙΩΤΙΔΟΣ,SSL1_CLUSTER 4 - ΦΘΙΩΤΙΔΑ,,,,,"**Ταυτότητα**
- ID: 1N13
- Cluster: 4
- Θέση: ΑΜΠΕΛΙΑ 1
- Δήμος: ΛΟΚΡΩΝ | Π.Ε.: ΦΘΙΩΤΙΔΟΣ | Περιφέρεια: ΣΤΕΡΕΑΣ ΕΛΛΑΔΑΣ
- Κάτοχος άδειας: SAISON SOLAIRE 1

**Ισχύς & Γη**
- Αρχική ισχύς (MWp): 16.013
- Τρέχουσα ισχύς (MWp): 6.151
- Ισχύς στα ΣΑΗΕ (MW): 19.2
- Τελική έκταση (τ.μ.): 227730.5
- Απόσταση όδευσης καλωδίων (km): 7.206
- Σύνδεση στο δίκτυο: ΝΈΟ Υ/Σ ΤΡΑΓΑΝΑ
- Αποθήκευση: Μέγιστη εγκατ. (MWh): 60 | Μέγιστη ωφέλιμη (MWh): 54

**Constraints**
- Natura: ΟΧΙ
- Ρέματα (#): 1 | Μήκος (km): 0.9

**Ρυθμιστικά / Άδειες**
- ΑΓ-: Γ-014164 | ΑΜ-ΡΑΕ: ΑΔ-010431
- Εφάπαξ τέλος ΡΑΕ: 37526
- Βεβ. Παραγωγού: ΑΔΑ: ΡΤΔΕΙΔΞ-Ψ87
- Αδ. Παραγωγής: 005431/2022
- Τροποποίηση Βεβαίωσης Παραγωγού (11A/11B): Ι-361856

**Deadlines / Routing**
- Ημ/νία υποβολής ΡΑΕ: 2022-06-22
- Προθεσμία υποβολής ΑΕΠΟ: 2023-06-07

**Περιβαλλοντικό – Υποβολές**
- (κενό)",ΑΕΠΟ,,"ΧΑΡΤΕΣ ΓΥΣ: ΝΑΙ;ΤΟΠΟΓΡΑΦΗΣΗ ME DRONE: ΟΚ;ΜΕΛΕΤΗ ΟΔΟΠΟΙΙΑΣ: ΔΑ;ΘΕΩΡΗΣΗ ΔΙΚΤΥΟΥ;ΚΑΘΟΡΙΣΜΟΣ ΓΡΑΜΜΩΝ ΠΛΥΜΜΗΡΑΣ;ΥΔΡΑΥΛΙΚΗ ΜΕΛΕΤΗ;ΔΙΚΤΥΑ (ΓΟΕΒ.ΤΟΕΒ, ΦΥΣ ΑΕΡΙΟΥ, ΚΑΥΣΙΜΩΝ, ΔΟΥΛΕΙΕΣ)","ΔΑΣΑΡΧΕΙΟ: (Κα. ΣΟΥΛΤΑΝΟΠΟΥΛΟΥ) 342887_23-07-2024 δεν δύναται να γνωμοδοτήσει επι της ΜΠΕ/ΓΝΩΜΟΔΟΤΗΣΕ ΘΕΤΙΚΑ ΓΙΑ ΤΑ ΑΑ;Δ/ΝΣΗ ΔΑΣΩΝ: ( ΘΕΤΙΚΗ ΓΝΩΜΟΔΟΤΗΣΗ ΓΙΑ ΤΑ ΑΑ./443824/18-09-2024 ΔΙΕΥΘΥΝΣΗ ΔΑΣΩΝ);ΕΠΙΤΡΟΠΗ ΔΑΣΟΛΟΓΙΟΥ: 85_27/09/2022    (κος Παλαιογιάννης)χαρακτηρίζεται ως ΑΑ και ΔΑ  ( ΘΕΤΙΚΗ ΓΝΩΜΟΔΟΤΗΣΗ ΓΙΑ ΤΑ ΑΑ;Δ/ΝΣΗ ΣΥΝΤΟΝΙΣΜΟΥ;Δ/ΝΣΗ ΕΓΓΕΙΩΝ ΒΕΛΤΙΩΣΕΩΝ;ΔΑΟΚ: 258035/15-11-2022;ΕΦΑ: 453382_14/02/2023  (κα Παπαγεωργίου);ΥΠΑ: Κ.Γ.Δ3_ 3543_20/02/2023 χρέωση κος Ξύδας;ΓΕΕΘΑ: 3222_16/11/2022                (Κ. ΚΑΙΜΑΞΗΣ)                                   Φ.114.1/1833/293526_9/10/2023;ΥΔΟΜ: 780_4/01/2023(ΠΕΠ -ΑΝ)  κος Φίλιπας;ΕΟΤ: 1617/15-09-2023, χρέωση κος Ροδάς,                    τελευταία επικοινωνία15/05 δεν απάντησε;ΠΠΧ: ΔΑ;ΠΟΛΙΤΙΚΗ ΓΗ: Ο-2521_25/01/2024 χρ. Κος Παλιούρας τελευταία επικοινωνία  18/12/2024 για την  πορεία του αιτήματος.Θα μας αποσταλεί η απάντηση έως 30/12/2024;ΕΝΜ: Αρ. Πρωτ. 449447/11-11-2022;ΕΟΑ: ΠΕΤ, ΑΡ.ΠΡΩΤ: 147663_6/11/2023                     ΔΑ ΕΝΤΟΣ ΚΑΖ Κ629"
PVK0923-01_1N14-9p23_ΛΟΚΡΩΝ-ΦΘΙΩΤΙΔΟΣ,SSL1_CLUSTER 4 - ΦΘΙΩΤΙΔΑ,,,,,"**Ταυτότητα**
- ID: 1N14
- Cluster: 4
- Θέση: ΑΜΠΕΛΙΑ 2
- Δήμος: ΛΟΚΡΩΝ | Π.Ε.: ΦΘΙΩΤΙΔΟΣ | Περιφέρεια: ΣΤΕΡΕΑΣ ΕΛΛΑΔΑΣ
- Κάτοχος άδειας: SAISON SOLAIRE 1

**Ισχύς & Γη**
- Αρχική ισχύς (MWp): 10.05
- Τρέχουσα ισχύς (MWp): 9.226
- Ισχύς στα ΣΑΗΕ (MW): 12.8
- Τελική έκταση (τ.μ.): 183077
- Απόσταση όδευσης καλωδίων (km): 7.131
- Σύνδεση στο δίκτυο: ΝΈΟ Υ/Σ ΤΡΑΓΑΝΑ
- Αποθήκευση: Μέγιστη εγκατ. (MWh): 40 | Μέγιστη ωφέλιμη (MWh): 36

**Constraints**
- Natura: ΟΧΙ
- Ρέματα (#): 1 | Μήκος (km): 0.3

**Ρυθμιστικά / Άδειες**
- ΑΓ-: Γ-014165 | ΑΜ-ΡΑΕ: ΑΔ-010434
- Εφάπαξ τέλος ΡΑΕ: 25600
- Βεβ. Παραγωγού: ΑΔΑ: ΩΣΣΚΙΔΞ-40Β
- Αδ. Παραγωγής: 005434/2022
- Τροποποίηση Βεβαίωσης Παραγωγού (11A/11B): Ι-362014

**Deadlines / Routing**
- Ημ/νία υποβολής ΡΑΕ: 2022-06-22
- Προθεσμία υποβολής ΑΕΠΟ: 2023-06-07

**Περιβαλλοντικό – Υποβολές**
- (κενό)",ΑΕΠΟ,,"ΧΑΡΤΕΣ ΓΥΣ: ΝΑΙ;ΤΟΠΟΓΡΑΦΗΣΗ ME DRONE: ΟΚ;ΜΕΛΕΤΗ ΟΔΟΠΟΙΙΑΣ: ΔΑ;ΘΕΩΡΗΣΗ ΔΙΚΤΥΟΥ;ΚΑΘΟΡΙΣΜΟΣ ΓΡΑΜΜΩΝ ΠΛΥΜΜΗΡΑΣ;ΥΔΡΑΥΛΙΚΗ ΜΕΛΕΤΗ;ΔΙΚΤΥΑ (ΓΟΕΒ.ΤΟΕΒ, ΦΥΣ ΑΕΡΙΟΥ, ΚΑΥΣΙΜΩΝ, ΔΟΥΛΕΙΕΣ)","ΔΑΣΑΡΧΕΙΟ: (Κα. ΣΟΥΛΤΑΝΟΠΟΥΛΟΥ) 342887_23-07-2024 δεν δύναται να γνωμοδοτήσει επι της ΜΠΕ/ΓΝΩΜΟΔΟΤΗΣΕ ΘΕΤΙΚΑ ΓΙΑ ΤΑ ΑΑ;Δ/ΝΣΗ ΔΑΣΩΝ: ( ΘΕΤΙΚΗ ΓΝΩΜΟΔΟΤΗΣΗ ΓΙΑ ΤΑ ΑΑ./443824/18-09-2024 ΔΙΕΥΘΥΝΣΗ ΔΑΣΩΝ);ΕΠΙΤΡΟΠΗ ΔΑΣΟΛΟΓΙΟΥ: 84_27/09/2022  (κος Παλαιογιάννης) χαρακτηρίζεται ως ΔΑ και ΑΑ ( ΘΕΤΙΚΗ ΓΝΩΜΟΔΟΤΗΣΗ ΓΙΑ ΤΑ ΑΑ;Δ/ΝΣΗ ΣΥΝΤΟΝΙΣΜΟΥ;Δ/ΝΣΗ ΕΓΓΕΙΩΝ ΒΕΛΤΙΩΣΕΩΝ;ΔΑΟΚ: 258039/15-11-2022;ΕΦΑ: 453355_14/02/2023  (κα Παπαγεωργίου);ΥΠΑ: Κ.Γ.Δ3_3546_20/02/2023 χρέωση κος Ξύδας;ΓΕΕΘΑ: 3234_16/11/2022      (Κ. ΚΑΙΜΑΞΗΣ)                                   Φ.114.1/1833/293526_9/10/2023;ΥΔΟΜ: 781_04/01/2023(ΠΕΠ  -ΑΝ)  κος Φίλιπας;ΕΟΤ: 12-4-2023              1558/22;ΠΠΧ: ΔΑ;ΠΟΛΙΤΙΚΗ ΓΗ: Ο-2521_25/01/2024 χρ. Κος Παλιούρας τελευταία επικοινωνία  18/12/2024 για την  πορεία του αιτήματος.Θα μας αποσταλεί η απάντηση έως 30/12/2024;ΕΝΜ: Αρ. Πρωτ. 449429/11-11-2022;ΕΟΑ: ΠΕΤ, ΑΡ.ΠΡΩΤ: 147663_6/11/2023                          ΔΑ ΕΝΤΟΣ ΚΑΖ Κ629"
PVK1112-01_1N15-11p12_ΛΟΚΡΩΝ-ΦΘΙΩΤΙΔΟΣ,SSL1_CLUSTER 4 - ΦΘΙΩΤΙΔΑ,,,,,"**Ταυτότητα**
- ID: 1N15
- Cluster: 4
- Θέση: ΚΥΡΤΩΝΗ ΑΠ1
- Δήμος: ΛΟΚΡΩΝ | Π.Ε.: ΦΘΙΩΤΙΔΟΣ | Περιφέρεια: ΣΤΕΡΕΑΣ ΕΛΛΑΔΑΣ
- Κάτοχος άδειας: SAISON SOLAIRE 1

**Ισχύς & Γη**
- Αρχική ισχύς (MWp): 11.122
- Τρέχουσα ισχύς (MWp): 11.122
- Ισχύς στα ΣΑΗΕ (MW): 12.8
- Τελική έκταση (τ.μ.): 418825.85
- Απόσταση όδευσης καλωδίων (km): 7.953
- Σύνδεση στο δίκτυο: ΝΈΟ Υ/Σ ΤΡΑΓΑΝΑ
- Αποθήκευση: Μέγιστη εγκατ. (MWh): 40 | Μέγιστη ωφέλιμη (MWh): 36

**Constraints**
- Natura: ΟΧΙ
- Ρέματα (#): 3 | Μήκος (km): 2

**Ρυθμιστικά / Άδειες**
- ΑΓ-: Γ-014168 | ΑΜ-ΡΑΕ: ΑΔ-010435
- Εφάπαξ τέλος ΡΑΕ: 27744
- Βεβ. Παραγωγού: ΑΔΑ: Ψ1Θ5ΙΔΞ-13Γ
- Αδ. Παραγωγής: 5435/2022
- Τροποποίηση Βεβαίωσης Παραγωγού (11A/11B): Ι-362013

**Deadlines / Routing**
- Ημ/νία υποβολής ΡΑΕ: 2022-06-22
- Προθεσμία υποβολής ΑΕΠΟ: 2023-06-07
- ΑΔΜΗΕ/ΔΕΔΔΗΕ ΟΠΣ: 12/05/2025-2146 ΑΙΤΗΜΑ ΟΠΣ ΣΕ ΑΔΜΗΕ

**Περιβαλλοντικό – Υποβολές**
- (κενό)",ΑΕΠΟ,,"ΧΑΡΤΕΣ ΓΥΣ: ΝΑΙ;ΤΟΠΟΓΡΑΦΗΣΗ ME DRONE: ΟΚ;ΜΕΛΕΤΗ ΟΔΟΠΟΙΙΑΣ: ΔΑ;ΘΕΩΡΗΣΗ ΔΙΚΤΥΟΥ;ΚΑΘΟΡΙΣΜΟΣ ΓΡΑΜΜΩΝ ΠΛΥΜΜΗΡΑΣ;ΥΔΡΑΥΛΙΚΗ ΜΕΛΕΤΗ;ΔΙΚΤΥΑ (ΓΟΕΒ.ΤΟΕΒ, ΦΥΣ ΑΕΡΙΟΥ, ΚΑΥΣΙΜΩΝ, ΔΟΥΛΕΙΕΣ)","ΔΑΣΑΡΧΕΙΟ: (Κα. ΣΟΥΛΤΑΝΟΠΟΥΛΟΥ) 342887_23-07-2024 δεν δύναται να γνωμοδοτήσει επι της ΜΠΕ/ΓΝΩΜΟΔΟΤΗΣΕ ΘΕΤΙΚΑ ΓΙΑ ΤΑ ΑΑ;Δ/ΝΣΗ ΔΑΣΩΝ: ( ΘΕΤΙΚΗ ΓΝΩΜΟΔΟΤΗΣΗ ΓΙΑ ΤΑ ΑΑ./443824/18-09-2024 ΔΙΕΥΘΥΝΣΗ ΔΑΣΩΝ);ΕΠΙΤΡΟΠΗ ΔΑΣΟΛΟΓΙΟΥ: 83_27/09/2022    (κος Παλαιογιάννης)       17/2024_η έκταση χαρακτηρίζεται ως δάσος και δασική έκταση          ( ΘΕΤΙΚΗ ΓΝΩΜΟΔΟΤΗΣΗ ΓΙΑ ΤΑ ΑΑ;Δ/ΝΣΗ ΣΥΝΤΟΝΙΣΜΟΥ;Δ/ΝΣΗ ΕΓΓΕΙΩΝ ΒΕΛΤΙΩΣΕΩΝ;ΔΑΟΚ: 258042/15-11-2022;ΕΦΑ: 453311_14/02/2023  (κα Παπαγεωργίου);ΥΠΑ: Κ.Γ.Δ3_3527_20/02/2023;ΓΕΕΘΑ: 3233_16/11/2022                   (Κ. ΚΑΙΜΑΞΗΣ)                                   Φ.114.1/1833/293526_9/10/2023;ΥΔΟΜ: 782_4/01/2023 (ΠΕΠ  -ΑΝ)  κος Φίλιπας;ΕΟΤ: 12-4-2023                1552/22;ΠΠΧ: ΑΠΑΙΤΕΙΤΑΙ;ΠΟΛΙΤΙΚΗ ΓΗ: Ο-2521_25/01/2024 χρ. Κος Παλιούρας τελευταία επικοινωνία  18/12/2024 για την  πορεία του αιτήματος.Θα μας αποσταλεί η απάντηση έως 30/12/2024;ΕΝΜ: Αρ. Πρωτ. 449382/11-11-2022;ΕΟΑ: ΠΕΤ, ΑΡ.ΠΡΩΤ: 147663_6/11/2023                     ΔΑ ΣΤΑ ΟΡΙΑ ΚΑΖ Κ629"
PVK0786-02_1N17-7p86_ΛΟΚΡΩΝ-ΦΘΙΩΤΙΔΟΣ,SSL1_CLUSTER 4 - ΦΘΙΩΤΙΔΑ,,,,,"**Ταυτότητα**
- ID: 1N17
- Cluster: 4
- Θέση: ΠΑΛΙΟΠΥΡΓΟ
- Δήμος: ΛΟΚΡΩΝ | Π.Ε.: ΦΘΙΩΤΙΔΟΣ | Περιφέρεια: ΣΤΕΡΕΑΣ ΕΛΛΑΔΑΣ
- Κάτοχος άδειας: SAISON SOLAIRE 1

**Ισχύς & Γη**
- Αρχική ισχύς (MWp): 10.05
- Τρέχουσα ισχύς (MWp): 7.859
- Ισχύς στα ΣΑΗΕ (MW): 12.8
- Τελική έκταση (τ.μ.): 164531.1
- Απόσταση όδευσης καλωδίων (km): 7.673
- Σύνδεση στο δίκτυο: ΝΈΟ Υ/Σ ΤΡΑΓΑΝΑ
- Αποθήκευση: Μέγιστη εγκατ. (MWh): 40 | Μέγιστη ωφέλιμη (MWh): 36

**Constraints**
- Natura: ΟΧΙ
- Ρέματα (#): 3 | Μήκος (km): 1.1

**Ρυθμιστικά / Άδειες**
- ΑΓ-: Γ-014169 | ΑΜ-ΡΑΕ: ΑΔ-010184
- Εφάπαξ τέλος ΡΑΕ: 25600
- Βεβ. Παραγωγού: ΑΔΑ: Ψ3ΑΚΙΔΞ-1Α6
- Αδ. Παραγωγής: 005184/2022
- Τροποποίηση Βεβαίωσης Παραγωγού (11A/11B): Ι-362012

**Deadlines / Routing**
- Ημ/νία υποβολής ΡΑΕ: 2022-06-22
- Προθεσμία υποβολής ΑΕΠΟ: 2023-05-16

**Περιβαλλοντικό – Υποβολές**
- (κενό)",ΑΕΠΟ,,"ΧΑΡΤΕΣ ΓΥΣ: ΝΑΙ;ΤΟΠΟΓΡΑΦΗΣΗ ME DRONE: ΟΚ;ΜΕΛΕΤΗ ΟΔΟΠΟΙΙΑΣ: ΔΑ;ΘΕΩΡΗΣΗ ΔΙΚΤΥΟΥ;ΚΑΘΟΡΙΣΜΟΣ ΓΡΑΜΜΩΝ ΠΛΥΜΜΗΡΑΣ;ΥΔΡΑΥΛΙΚΗ ΜΕΛΕΤΗ;ΔΙΚΤΥΑ (ΓΟΕΒ.ΤΟΕΒ, ΦΥΣ ΑΕΡΙΟΥ, ΚΑΥΣΙΜΩΝ, ΔΟΥΛΕΙΕΣ)","ΔΑΣΑΡΧΕΙΟ: (Κα. ΣΟΥΛΤΑΝΟΠΟΥΛΟΥ) 342887_23-07-2024 δεν δύναται να γνωμοδοτήσει επι της ΜΠΕ/ΓΝΩΜΟΔΟΤΗΣΕ ΘΕΤΙΚΑ ΓΙΑ ΤΑ ΑΑ;Δ/ΝΣΗ ΔΑΣΩΝ: ( ΘΕΤΙΚΗ ΓΝΩΜΟΔΟΤΗΣΗ ΓΙΑ ΤΑ ΑΑ./443824/18-09-2024 ΔΙΕΥΘΥΝΣΗ ΔΑΣΩΝ);ΕΠΙΤΡΟΠΗ ΔΑΣΟΛΟΓΙΟΥ: 20/26.04.2023    (κος Παλαιογιάννης)             20/2024_ η έκταση χαρακτηρίζεται ως δασική ( ΘΕΤΙΚΗ ΓΝΩΜΟΔΟΤΗΣΗ ΓΙΑ ΤΑ ΑΑ.;Δ/ΝΣΗ ΣΥΝΤΟΝΙΣΜΟΥ;Δ/ΝΣΗ ΕΓΓΕΙΩΝ ΒΕΛΤΙΩΣΕΩΝ;ΔΑΟΚ: 257986/15-11-2022;ΕΦΑ: 453271_14/02/2023  (κα Παπαγεωργίου);ΥΠΑ: Κ.Γ.Δ3_3537_20/02/2023 χρέωση κος Ξύδας;ΓΕΕΘΑ: 3228_16/11/2022               (Κ. ΚΑΙΜΑΞΗΣ)                                   Φ.114.1/1833/293526_9/10/2023;ΥΔΟΜ: 784_4/01/2023 (ΠΕΠ  -ΑΝ)  κος Φίλιπας;ΕΟΤ: 12-4-2023              1594/22;ΠΠΧ: ΑΠΑΙΤΕΙΤΑΙ;ΠΟΛΙΤΙΚΗ ΓΗ: Ο-2521_25/01/2024 χρ. Κος Παλιούρας τελευταία επικοινωνία  18/12/2024 για την  πορεία του αιτήματος.Θα μας αποσταλεί η απάντηση έως 30/12/2024;ΕΝΜ: Αρ. Πρωτ.449355/11-11-2022;ΕΟΑ: ΠΕΤ, ΑΡ.ΠΡΩΤ: 147663_6/11/2023                           ΔΑ"
PVK0000-01_AG1-0p00_ΦΑΡΣΑΛΩΝ-ΛΑΡΙΣΑΣ,SSL2ΑΓ. ΑΝΤΩΝΙΟΣ,,,,,"**Ταυτότητα**
- ID: AG1
- Θέση: ΑΓΙΟΣ ΑΝΤΩΝΙΟΣ
- Δήμος: ΦΑΡΣΑΛΩΝ | Π.Ε.: ΛΑΡΙΣΑΣ | Περιφέρεια: ΘΕΣΣΑΛΙΑΣ
- Κάτοχος άδειας: SAISON SOLAIRE 2

**Ισχύς & Γη**
- Αρχική ισχύς (MWp): 38.1
- Τρέχουσα ισχύς (MWp): 20,2356 ΜW TΡ006013
- Ισχύς στα ΣΑΗΕ (MW): 48
- Τελική έκταση (τ.μ.): 443945.06
- Αποθήκευση: Εγγυημένη (MWh): 65.692 | Μέγιστη εγκατ. (MWh): 150 | Μέγιστη ωφέλιμη (MWh): 135

**Constraints**

**Ρυθμιστικά / Άδειες**
- ΑΓ-: Γ-015073 | ΑΜ-ΡΑΕ: ΑΔ-010756
- Βεβ. Παραγωγού: ΑΔΑ: ΨΔΟ8ΙΔΞ-328
- Αδ. Παραγωγής: 005756/2023
- Τροποποίηση Βεβαίωσης Παραγωγού (11A/11B): 005756/12/06/23 και τροποποιση 005888/12-11-24  με ΑΔ O-110756

**Deadlines / Routing**
- Ημ/νία υποβολής ΡΑΕ: 2023-02-10
- Προθεσμία υποβολής ΑΕΠΟ: 2023-12-12
- Προθεσμία υποβολής ΟΠΣ: 2025-06-12

**Περιβαλλοντικό – Υποβολές**
- Κατάθεση ΜΠΕ (Αρ. Πρωτ / Ημ. έκδοσης): ΕΓΙΝΕ ΝΕΑ ΚΑΤΑΘΕΣΗ ΣΕ ΗΠΜ 11/12/2024  ΠΕΤ 2311012823  (ΧΡΕΩΣΗ:ΜΑΡΙΝΑ ΠΡΟΦΥΛΛΙΔΟΥ) ΕΣΤΕΙΛΕ ΣΥΜΠΛΗΡΩΜΑΤΙΚΑ ΣΤΙΣ 29-01-2025",ΕΓΙΝΕ ΝΕΑ ΚΑΤΑΘΕΣΗ ΣΕ ΗΠΜ  ΜΠΕ ΜΕ ΣΑΕΗ 11/12/2024  ΠΕΤ 2311012823  (ΧΡΕΩΣΗ:ΜΑΡΙΝΑ ΠΡΟΦΥΛΛΙΔΟΥ) ΕΣΤΕΙΛΕ ΣΥΜΠΛΗΡΩΜΑΤΙΚΑ ΣΤΙΣ 29-01-2025,,"ΧΑΡΤΕΣ ΓΥΣ;ΤΟΠΟΓΡΑΦΗΣΗ ME DRONE;ΜΕΛΕΤΗ ΟΔΟΠΟΙΙΑΣ;ΘΕΩΡΗΣΗ ΔΙΚΤΥΟΥ;ΚΑΘΟΡΙΣΜΟΣ ΓΡΑΜΜΩΝ ΠΛΥΜΜΗΡΑΣ;ΥΔΡΑΥΛΙΚΗ ΜΕΛΕΤΗ;ΔΙΚΤΥΑ (ΓΟΕΒ.ΤΟΕΒ, ΦΥΣ ΑΕΡΙΟΥ, ΚΑΥΣΙΜΩΝ, ΔΟΥΛΕΙΕΣ)","ΔΑΣΑΡΧΕΙΟ;Δ/ΝΣΗ ΔΑΣΩΝ;ΕΠΙΤΡΟΠΗ ΔΑΣΟΛΟΓΙΟΥ: 35_27/06/2023 χρέωση Ναλμπάνη Μαριάνθη, το έργο θα περαστεί από τον κο Ωραιόπουλο μαζί με τα υπόλοιπα που έχει χρεωθεί, θα γίνει επικοινωνία κι από την Καρολίνα.;Δ/ΝΣΗ ΣΥΝΤΟΝΙΣΜΟΥ;Δ/ΝΣΗ ΕΓΓΕΙΩΝ ΒΕΛΤΙΩΣΕΩΝ;ΔΑΟΚ: 448640/17-10-2024 ΘΕΤΙΚΗ ΓΝΩΜΟΔΟΤΗΣΗ;ΕΦΑ: 138161/09-09-2024 ΘΕΤΙΚΗ ΓΝΩΜΟΔΟΤΗΣΗ;ΥΠΑ: 12416_15/06/2023;ΓΕΕΘΑ: O-2247_24/05/2023, τελευταία επικοινωνία 2/10 θα απαντηθεί εντός 10 ημερών (κα Νικητοπούλου)  έγινε επικοινωνία στις 12/12/2024   θα απαντήσει τέλος του Δεκεμβρίου;ΥΔΟΜ: 194_6/06/2023;ΕΟΤ;ΠΠΧ;ΠΟΛΙΤΙΚΗ ΓΗ: Επικοινώνησε  η  κ. Δουκλιά  με τον κ. Τσιτσιούμη και διαπιστώθηκε ότι δεν έχει γίνει  αίτημα;ΕΝΜ: 259217_12/07/2023ί;ΕΟΑ"
