dataset,source_file_hash,source_file,run_id,status,rows_long,files_written,archived_path,mapping_filename,mapping_file_hash,ingested_at_utc,message
scada_1d_signal,53a57f1b504e5ccc0c31e624fccef9d04bd5b044aa4b6a50206c667fd34543cf,C:\00_Developement\daily_avg_pv_kpi_heatmap\data\archived\year=2026\month=02\day=14\prebronze_processed_data_20260214_v005_READY__hash=53a57f1b504e.parquet,20260214T123854Z,ingested,38568024,142,C:\00_Developement\daily_avg_pv_kpi_heatmap\data\archived\year=2026\month=02\day=14\prebronze_processed_data_20260214_v005_READY__hash=53a57f1b504e.parquet,park_power_mapping_v014.csv,23e68d3bdc5ca766333d0688949625151d39ba67c1b95c3e191b4b673b8c4916,2026-02-14T13:06:24.440949+00:00,parquet chunked ingestion ok
scada_1d_signal,a19830bb0c18e5fc18f1f07a56003169714636e457023238f0b37dc125aafa5d,C:\00_dev\daily_avg_pv_kpi_heatmap\data\rejected\year=2026\month=03\day=04\20260403_feb_SCH-20260201T000000_READY_20260304_v001__reason=boolean_value_of_na_is_ambiguous__hash=a19830bb0c18.parquet,20260304T102324Z,rejected,0,0,C:\00_dev\daily_avg_pv_kpi_heatmap\data\rejected\year=2026\month=03\day=04\20260403_feb_SCH-20260201T000000_READY_20260304_v001__reason=boolean_value_of_na_is_ambiguous__hash=a19830bb0c18.parquet,2026-03-04T10:23:24.892732+00:00,error: boolean value of NA is ambiguous
scada_1d_signal,a19830bb0c18e5fc18f1f07a56003169714636e457023238f0b37dc125aafa5d,C:\00_dev\daily_avg_pv_kpi_heatmap\data\archived\duplicates\year=2026\month=03\day=04\20260403_feb_SCH-20260201T000000_READY_20260304_v002__hash=a19830bb0c18.parquet,20260304T102324Z,skipped_duplicate,0,0,C:\00_dev\daily_avg_pv_kpi_heatmap\data\archived\duplicates\year=2026\month=03\day=04\20260403_feb_SCH-20260201T000000_READY_20260304_v002__hash=a19830bb0c18.parquet,2026-03-04T10:23:24.906119+00:00,same file hash already ingested; skipped
scada_1d_signal,324168e1973f30464daf08d2e25eabe7b0987f5e14174186b06a3593be1f43d8,C:\00_dev\daily_avg_pv_kpi_heatmap\data\rejected\year=2026\month=03\day=04\20260403_feb_SCH-20260201T000000_READY_20260304_v003__reason=boolean_value_of_na_is_ambiguous__hash=324168e1973f.parquet,20260304T102324Z,rejected,0,0,C:\00_dev\daily_avg_pv_kpi_heatmap\data\rejected\year=2026\month=03\day=04\20260403_feb_SCH-20260201T000000_READY_20260304_v003__reason=boolean_value_of_na_is_ambiguous__hash=324168e1973f.parquet,2026-03-04T10:23:25.602710+00:00,error: boolean value of NA is ambiguous
scada_1d_signal,324168e1973f30464daf08d2e25eabe7b0987f5e14174186b06a3593be1f43d8,C:\00_dev\daily_avg_pv_kpi_heatmap\data\archived\duplicates\year=2026\month=03\day=04\20260403_feb_SCH-20260201T000000_READY_20260304_v004__hash=324168e1973f.parquet,20260304T103557Z,skipped_duplicate,0,0,C:\00_dev\daily_avg_pv_kpi_heatmap\data\archived\duplicates\year=2026\month=03\day=04\20260403_feb_SCH-20260201T000000_READY_20260304_v004__hash=324168e1973f.parquet,2026-03-04T10:35:57.363135+00:00,same file hash already ingested; skipped
scada_1d_signal,324168e1973f30464daf08d2e25eabe7b0987f5e14174186b06a3593be1f43d8,C:\00_dev\daily_avg_pv_kpi_heatmap\data\archived\duplicates\year=2026\month=03\day=04\20260403_feb_SCH-20260201T000000_READY_20260304_v004__hash=324168e1973f.parquet,20260304T104912Z,skipped_duplicate,0,0,C:\00_dev\daily_avg_pv_kpi_heatmap\data\archived\duplicates\year=2026\month=03\day=04\20260403_feb_SCH-20260201T000000_READY_20260304_v004__hash=324168e1973f.parquet,2026-03-04T10:49:12.411224+00:00,same file hash already ingested; skipped
scada_1d_signal,324168e1973f30464daf08d2e25eabe7b0987f5e14174186b06a3593be1f43d8,C:\00_dev\daily_avg_pv_kpi_heatmap\data\rejected\year=2026\month=03\day=04\20260403_feb_SCH-20260201T000000_READY_20260304_v004__reason=boolean_value_of_na_is_ambiguous__hash=324168e1973f.parquet,20260304T105003Z,rejected,0,0,C:\00_dev\daily_avg_pv_kpi_heatmap\data\rejected\year=2026\month=03\day=04\20260403_feb_SCH-20260201T000000_READY_20260304_v004__reason=boolean_value_of_na_is_ambiguous__hash=324168e1973f.parquet,2026-03-04T10:50:03.864205+00:00,error: boolean value of NA is ambiguous
scada_1d_signal,324168e1973f30464daf08d2e25eabe7b0987f5e14174186b06a3593be1f43d8,C:\00_dev\daily_avg_pv_kpi_heatmap\data\archived\year=2026\month=03\day=04\20260403_feb_SCH-20260201T000000_READY_20260304_v004__hash=324168e1973f.parquet,20260304T105049Z,ingested,238464,2,C:\00_dev\daily_avg_pv_kpi_heatmap\data\archived\year=2026\month=03\day=04\20260403_feb_SCH-20260201T000000_READY_20260304_v004__hash=324168e1973f.parquet,park_power_mapping_v014.csv,23e68d3bdc5ca766333d0688949625151d39ba67c1b95c3e191b4b673b8c4916,2026-03-04T10:50:52.817901+00:00,parquet chunked ingestion ok
scada_1d_signal,c891dc7a410525ef2a635f169d33ef00e5588d7819b163910bac9ece45612bb2,C:\00_dev\daily_avg_pv_kpi_heatmap\data\archived\year=2026\month=04\day=03\Exported Data-20260301T000000__hash=c891dc7a4105.xlsx,20260403T104312Z,ingested,244481,2,C:\00_dev\daily_avg_pv_kpi_heatmap\data\archived\year=2026\month=04\day=03\Exported Data-20260301T000000__hash=c891dc7a4105.xlsx,park_power_mapping_v014.csv,23e68d3bdc5ca766333d0688949625151d39ba67c1b95c3e191b4b673b8c4916,2026-04-03T10:43:17.910671+00:00,ok
